category,first_action,pair_index,path_length,raw_tokens,source,stage2_count,step,stop_reached,target,target_index,tokens
SRC_MISMATCH_INVALID_EDGE,58,0,2,58,12,1,25000,1,67,,12 58
SRC_MISMATCH_NO_TARGET,22,1,4,22 29 36,9,1,25000,1,60,,9 22 29 36
SRC_MISMATCH_INVALID_EDGE,16,2,14,16 16 16 36 40 16 36 40 16 30 31 37 40,6,8,25000,1,88,,6 16 16 16 36 40 16 36 40 16 30 31 37 40
SRC_MISMATCH_INVALID_EDGE,35,3,8,35 11 35 11 24 27 35,11,3,25000,1,68,,11 35 11 35 11 24 27 35
SRC_MISMATCH_INVALID_EDGE,35,4,4,35 51 75,21,2,25000,1,75,3,21 35 51 75
SRC_MISMATCH_NO_TARGET,17,5,3,17 42,1,1,25000,1,67,,1 17 42
SRC_MISMATCH_INVALID_EDGE,68,6,3,68 74,23,0,25000,1,74,2,23 68 74
SRC_MISMATCH_INVALID_EDGE,42,7,10,42 19 33 42 19 26 28 34 42,19,5,25000,1,87,,19 42 19 33 42 19 26 28 34 42
SRC_MISMATCH_INVALID_EDGE,13,8,3,13 66,5,0,25000,1,64,,5 13 66
SRC_MISMATCH,28,9,8,28 34 42 45 49 60 71,26,4,25000,1,71,7,26 28 34 42 45 49 60 71
SRC_MISMATCH_NO_TARGET,26,10,7,26 28 37 40 45 49,25,4,25000,1,70,,25 26 28 37 40 45 49
SRC_MISMATCH_NO_TARGET,42,11,3,42 53,17,2,25000,1,69,,17 42 53
SRC_MISMATCH_NO_TARGET,31,12,4,31 37 48,20,3,25000,1,71,,20 31 37 48
SRC_MISMATCH,35,13,4,35 51 69,0,2,25000,1,69,3,0 35 51 69
SRC_MISMATCH_NO_TARGET,41,14,3,41 51,26,2,25000,1,65,,26 41 51
SRC_MISMATCH_NO_TARGET,4,15,4,4 29 36,2,1,25000,1,66,,2 4 29 36
SRC_MISMATCH_INVALID_EDGE,28,16,3,28 74,26,0,25000,1,74,2,26 28 74
SRC_MISMATCH,35,17,10,35 40 48 57 66 72 74 82 89,23,4,25000,1,89,9,23 35 40 48 57 66 72 74 82 89
SRC_MISMATCH_INVALID_EDGE,78,18,3,78 84,7,0,25000,1,84,2,7 78 84
SRC_MISMATCH,40,19,8,40 48 57 59 72 78 80,20,4,25000,1,80,7,20 40 48 57 59 72 78 80
SRC_MISMATCH_INVALID_EDGE,24,20,8,24 35 40 14 24 35 40,14,4,25000,1,79,,14 24 35 40 14 24 35 40
SRC_MISMATCH,39,21,6,39 43 54 58 61,26,4,25000,1,61,5,26 39 43 54 58 61
SRC_MISMATCH_NO_TARGET,37,22,6,37 43 54 58 69,18,4,25000,1,85,,18 37 43 54 58 69
SRC_MISMATCH,35,23,7,35 40 42 53 57 70,22,5,25000,1,70,6,22 35 40 42 53 57 70
SRC_MISMATCH_NO_TARGET,14,24,4,14 18 53,4,1,25000,1,68,,4 14 18 53
SRC_MISMATCH,40,25,6,40 48 78 80 83,20,2,25000,1,83,5,20 40 48 78 80 83
SRC_MISMATCH,45,26,6,45 49 52 60 71,28,3,25000,1,71,5,28 45 49 52 60 71
SRC_MISMATCH_NO_TARGET,35,27,4,35 51 55,27,3,25000,1,78,,27 35 51 55
SRC_MISMATCH_NO_TARGET,26,28,4,26 28 53,16,1,25000,1,82,,16 26 28 53
SRC_MISMATCH_INVALID_EDGE,35,29,8,35 40 42 29 35 40 42,29,6,25000,1,78,,29 35 40 42 29 35 40 42
SRC_MISMATCH_NO_TARGET,4,30,7,4 6 14 18 25 31,2,1,25000,1,83,,2 4 6 14 18 25 31
SRC_MISMATCH_INVALID_EDGE,15,31,5,15 66 72 78,10,0,25000,1,78,4,10 15 66 72 78
SRC_MISMATCH,42,32,7,42 59 64 67 81 85,19,2,25000,1,85,6,19 42 59 64 67 81 85
SRC_MISMATCH_INVALID_EDGE,24,33,8,24 35 40 14 24 35 40,14,4,25000,1,69,,14 24 35 40 14 24 35 40
SRC_MISMATCH,37,34,7,37 55 60 64 65 68,18,2,25000,1,68,6,18 37 55 60 64 65 68
SRC_MISMATCH,35,35,4,35 51 75,0,2,25000,1,75,3,0 35 51 75
SRC_MISMATCH_INVALID_EDGE,34,36,6,34 42 45 53 80,24,4,25000,1,66,,24 34 42 45 53 80
SRC_MISMATCH_NO_TARGET,30,37,2,30,13,1,25000,1,83,,13 30
SRC_MISMATCH_NO_TARGET,15,38,4,15 45 53,10,2,25000,1,71,,10 15 45 53
SRC_MISMATCH_NO_TARGET,13,39,4,13 28 38,9,1,25000,1,84,,9 13 28 38
SRC_MISMATCH,26,40,7,26 28 38 51 55 72,19,3,25000,1,72,6,19 26 28 38 51 55 72
SRC_MISMATCH_INVALID_EDGE,35,41,6,35 11 24 27 35,11,2,25000,1,61,,11 35 11 24 27 35
SRC_MISMATCH_INVALID_EDGE,24,42,8,24 40 3 10 29 35 40,3,3,25000,1,82,,3 24 40 3 10 29 35 40
SRC_MISMATCH_INVALID_EDGE,11,43,12,11 24 24 27 28 34 42 21 28 34 42,4,4,25000,1,86,,4 11 24 24 27 28 34 42 21 28 34 42
SRC_MISMATCH_NO_TARGET,30,44,3,30 32,16,2,25000,1,70,,16 30 32
SRC_MISMATCH_INVALID_EDGE,74,45,4,74 75 77,12,0,25000,1,77,3,12 74 75 77
SRC_MISMATCH_NO_TARGET,26,46,4,26 28 53,16,1,25000,1,81,,16 26 28 53
SRC_MISMATCH_INVALID_EDGE,11,47,8,11 36 4 11 17 18 36,4,2,25000,1,87,,4 11 36 4 11 17 18 36
SRC_MISMATCH_NO_TARGET,34,48,3,34 42,28,2,25000,1,78,,28 34 42
SRC_MISMATCH_NO_TARGET,29,49,4,29 36 41,21,2,25000,1,63,,21 29 36 41
SRC_MISMATCH,27,50,7,27 35 40 48 57 64,24,4,25000,1,64,6,24 27 35 40 48 57 64
SRC_MISMATCH_INVALID_EDGE,36,51,4,36 51 79,1,2,25000,1,79,3,1 36 51 79
SRC_MISMATCH,29,52,8,29 36 40 48 50 52 60,8,5,25000,1,60,7,8 29 36 40 48 50 52 60
SRC_MISMATCH,52,53,6,52 60 73 75 84,18,1,25000,1,84,5,18 52 60 73 75 84
SRC_MISMATCH_NO_TARGET,16,54,4,16 28 38,9,1,25000,1,67,,9 16 28 38
SRC_MISMATCH_INVALID_EDGE,29,55,11,29 36 41 19 26 28 37 41 51 69,23,5,25000,1,81,,23 29 36 41 19 26 28 37 41 51 69
SRC_MISMATCH_INVALID_EDGE,23,56,4,23 35 6,6,1,25000,1,78,,6 23 35 6
SRC_MISMATCH_NO_TARGET,41,57,3,41 52,27,2,25000,1,80,,27 41 52
SRC_MISMATCH_NO_TARGET,13,58,4,13 27 35,9,1,25000,1,69,,9 13 27 35
SRC_MISMATCH_NO_TARGET,36,59,4,36 41 59,16,3,25000,1,79,,16 36 41 59
SRC_MISMATCH_NO_TARGET,27,60,6,27 28 38 51 55,17,3,25000,1,85,,17 27 28 38 51 55
SRC_MISMATCH_INVALID_EDGE,48,61,3,48 67,28,1,25000,1,67,2,28 48 67
SRC_MISMATCH_NO_TARGET,41,62,3,41 51,26,2,25000,1,62,,26 41 51
SRC_MISMATCH_INVALID_EDGE,24,63,8,24 35 40 14 24 35 40,14,4,25000,1,76,,14 24 35 40 14 24 35 40
SRC_MISMATCH_NO_TARGET,24,64,5,24 36 40 48,0,3,25000,1,74,,0 24 36 40 48
SRC_MISMATCH,40,65,7,40 42 45 53 56 61,16,5,25000,1,61,6,16 40 42 45 53 56 61
SRC_MISMATCH_NO_TARGET,13,66,4,13 28 53,7,1,25000,1,81,,7 13 28 53
SRC_MISMATCH_INVALID_EDGE,86,67,2,86,22,0,25000,1,76,,22 86
SRC_MISMATCH,37,68,6,37 55 60 69 76,27,2,25000,1,76,5,27 37 55 60 69 76
SRC_MISMATCH_NO_TARGET,14,69,3,14 24,7,0,25000,1,62,,7 14 24
SRC_MISMATCH_NO_TARGET,24,70,8,24 27 35 40 42 46 55,3,5,25000,1,86,,3 24 27 35 40 42 46 55
SRC_MISMATCH,31,71,8,31 37 40 48 63 66 69,20,4,25000,1,69,7,20 31 37 40 48 63 66 69
SRC_MISMATCH_NO_TARGET,24,72,5,24 42 53 57,3,3,25000,1,63,,3 24 42 53 57
SRC_MISMATCH_NO_TARGET,26,73,4,26 28 39,25,1,25000,1,66,,25 26 28 39
SRC_MISMATCH,40,74,5,40 48 57 70,20,3,25000,1,70,4,20 40 48 57 70
SRC_MISMATCH,41,75,5,41 51 55 60,26,3,25000,1,60,4,26 41 51 55 60
SRC_MISMATCH_INVALID_EDGE,42,76,11,42 59 45 53 57 59 64 65 67 71,17,6,25000,1,71,10,17 42 59 45 53 57 59 64 65 67 71
SRC_MISMATCH_NO_TARGET,24,77,6,24 27 28 53 63,21,1,25000,1,72,,21 24 27 28 53 63
SRC_MISMATCH_INVALID_EDGE,17,78,13,17 42 53 57 17 18 36 40 44 53 56 57,15,9,25000,1,83,,15 17 42 53 57 17 18 36 40 44 53 56 57
SRC_MISMATCH,35,79,6,35 51 55 60 69,27,3,25000,1,69,5,27 35 51 55 60 69
SRC_MISMATCH,26,80,7,26 28 53 57 59 72,5,3,25000,1,72,6,5 26 28 53 57 59 72
SRC_MISMATCH_NO_TARGET,27,81,4,27 35 40,24,2,25000,1,72,,24 27 35 40
SRC_MISMATCH_NO_TARGET,17,82,6,17 19 26 28 34,11,1,25000,1,60,,11 17 19 26 28 34
SRC_MISMATCH_NO_TARGET,14,83,3,14 24,7,0,25000,1,66,,7 14 24
SRC_MISMATCH_INVALID_EDGE,13,84,8,13 27 28 55 38 51 55,9,4,25000,1,89,,9 13 27 28 55 38 51 55
SRC_MISMATCH,35,85,7,35 40 48 50 52 61,0,5,25000,1,61,6,0 35 40 48 50 52 61
SRC_MISMATCH_NO_TARGET,17,86,3,17 42,1,1,25000,1,63,,1 17 42
SRC_MISMATCH_NO_TARGET,24,87,6,24 34 42 45 49,12,4,25000,1,70,,12 24 34 42 45 49
SRC_MISMATCH,52,88,4,52 61 64,25,1,25000,1,64,3,25 52 61 64
SRC_MISMATCH,37,89,6,37 40 78 80 82,28,2,25000,1,82,5,28 37 40 78 80 82
SRC_MISMATCH_NO_TARGET,33,90,2,33,25,1,25000,1,72,,25 33
SRC_MISMATCH,23,91,6,23 35 40 43 69,8,3,25000,1,69,5,8 23 35 40 43 69
SRC_MISMATCH_NO_TARGET,29,92,6,29 36 41 51 55,7,4,25000,1,83,,7 29 36 41 51 55
SRC_MISMATCH_INVALID_EDGE,15,93,4,15 19 68,10,0,25000,1,85,,10 15 19 68
SRC_MISMATCH_INVALID_EDGE,24,94,7,24 55 14 38 51 55,14,4,25000,1,88,,14 24 55 14 38 51 55
SRC_MISMATCH_NO_TARGET,26,95,7,26 28 37 40 42 59,16,4,25000,1,85,,16 26 28 37 40 42 59
SRC_MISMATCH_INVALID_EDGE,15,96,4,15 22 88,2,0,25000,1,76,,2 15 22 88
SRC_MISMATCH_NO_TARGET,29,97,8,29 36 41 51 65 67 78,7,3,25000,1,80,,7 29 36 41 51 65 67 78
SRC_MISMATCH_INVALID_EDGE,22,98,4,22 22 38,10,1,25000,1,60,,10 22 22 38
SRC_MISMATCH_NO_TARGET,27,99,6,27 35 40 45 53,17,4,25000,1,76,,17 27 35 40 45 53
SRC_MISMATCH,24,100,5,24 35 71 75,14,1,25000,1,75,4,14 24 35 71 75
SRC_MISMATCH_NO_TARGET,30,101,4,30 32 45,16,3,25000,1,74,,16 30 32 45
SRC_MISMATCH_INVALID_EDGE,41,102,11,41 47 57 59 8 15 39 47 57 59,8,8,25000,1,76,,8 41 47 57 59 8 15 39 47 57 59
SRC_MISMATCH,37,103,5,37 57 60 73,29,2,25000,1,73,4,29 37 57 60 73
SRC_MISMATCH_INVALID_EDGE,29,104,10,29 43 47 23 29 35 40 43 47,23,6,25000,1,72,,23 29 43 47 23 29 35 40 43 47
SRC_MISMATCH_NO_TARGET,15,105,6,15 27 37 40 44,10,3,25000,1,66,,10 15 27 37 40 44
SRC_MISMATCH_NO_TARGET,27,106,8,27 35 40 45 53 57 60,24,5,25000,1,78,,24 27 35 40 45 53 57 60
SRC_MISMATCH_INVALID_EDGE,8,107,6,8 38 4 6 38,4,2,25000,1,63,,4 8 38 4 6 38
SRC_MISMATCH,36,108,8,36 40 42 53 56 60 63,29,5,25000,1,63,7,29 36 40 42 53 56 60 63
SRC_MISMATCH_INVALID_EDGE,35,109,11,35 40 49 23 29 37 40 45 49 50,23,8,25000,1,85,,23 35 40 49 23 29 37 40 45 49 50
SRC_MISMATCH_NO_TARGET,27,110,5,27 28 37 41,24,2,25000,1,85,,24 27 28 37 41
SRC_MISMATCH_INVALID_EDGE,15,111,9,15 22 38 39 10 22 38 39,10,4,25000,1,89,,10 15 22 38 39 10 22 38 39
SRC_MISMATCH,35,112,7,35 40 48 57 59 72,0,5,25000,1,72,6,0 35 40 48 57 59 72
SRC_MISMATCH_INVALID_EDGE,33,113,5,33 22 71 88,22,1,25000,1,88,4,22 33 22 71 88
SRC_MISMATCH,7,114,9,7 29 36 52 61 64 65 67,5,2,25000,1,67,8,5 7 29 36 52 61 64 65 67
SRC_MISMATCH_NO_TARGET,43,115,5,43 47 56 57,3,4,25000,1,65,,3 43 47 56 57
SRC_MISMATCH_INVALID_EDGE,15,116,9,15 22 38 39 10 22 38 39,10,4,25000,1,83,,10 15 22 38 39 10 22 38 39
SRC_MISMATCH_NO_TARGET,19,117,6,19 32 34 42 53,4,4,25000,1,80,,4 19 32 34 42 53
SRC_MISMATCH_NO_TARGET,27,118,7,27 35 49 52 60 63,17,3,25000,1,81,,17 27 35 49 52 60 63
SRC_MISMATCH_NO_TARGET,7,119,4,7 29 35,5,1,25000,1,74,,5 7 29 35
SRC_MISMATCH_NO_TARGET,24,120,5,24 36 41 51,11,3,25000,1,62,,11 24 36 41 51
SRC_MISMATCH_NO_TARGET,35,121,2,35,27,1,25000,1,63,,27 35
SRC_MISMATCH,34,122,6,34 56 57 60 63,28,3,25000,1,63,5,28 34 56 57 60 63
SRC_MISMATCH_INVALID_EDGE,7,123,10,7 35 40 5 7 17 29 35 40,5,4,25000,1,87,,5 7 35 40 5 7 17 29 35 40
SRC_MISMATCH_NO_TARGET,27,124,4,27 28 37,24,1,25000,1,60,,24 27 28 37
SRC_MISMATCH_NO_TARGET,26,125,5,26 28 38 51,19,2,25000,1,79,,19 26 28 38 51
SRC_MISMATCH_NO_TARGET,7,126,5,7 29 37 58,5,2,25000,1,71,,5 7 29 37 58
SRC_MISMATCH_INVALID_EDGE,30,127,10,30 50 52 60 30 50 52 60 63,13,6,25000,1,88,,13 30 50 52 60 30 50 52 60 63
SRC_MISMATCH_NO_TARGET,17,128,7,17 40 42 53 56 57,15,5,25000,1,62,,15 17 40 42 53 56 57
MISSING_TARGET,32,129,3,1 32 34,1,2,25000,1,77,,1 32 34
SRC_MISMATCH_NO_TARGET,19,130,4,19 25 33,17,1,25000,1,87,,17 19 25 33
SRC_MISMATCH_NO_TARGET,20,131,6,20 31 33 44 58,13,4,25000,1,79,,13 20 31 33 44 58
SRC_MISMATCH,34,132,7,34 56 57 60 63 66,28,3,25000,1,66,6,28 34 56 57 60 63 66
SRC_MISMATCH,23,133,7,23 35 40 48 57 70,8,4,25000,1,70,6,8 23 35 40 48 57 70
SRC_MISMATCH,35,134,6,35 51 55 60 64,27,3,25000,1,64,5,27 35 51 55 60 64
SRC_MISMATCH_INVALID_EDGE,7,135,6,7 7 42 46 55,6,3,25000,1,77,,6 7 7 42 46 55
SRC_MISMATCH_INVALID_EDGE,19,136,7,19 25 33 53 56 57,17,4,25000,1,60,,17 19 25 33 53 56 57
SRC_MISMATCH_NO_TARGET,42,137,4,42 53 56,18,3,25000,1,63,,18 42 53 56
SRC_MISMATCH_NO_TARGET,27,138,5,27 35 40 45,24,3,25000,1,73,,24 27 35 40 45
SRC_MISMATCH_NO_TARGET,40,139,4,40 45 53,17,3,25000,1,75,,17 40 45 53
SRC_MISMATCH_NO_TARGET,15,140,4,15 19 32,10,1,25000,1,70,,10 15 19 32
SRC_MISMATCH_NO_TARGET,7,141,7,7 17 27 35 40 48,6,3,25000,1,76,,6 7 17 27 35 40 48
SRC_MISMATCH,38,142,7,38 58 73 75 84 85,28,2,25000,1,85,6,28 38 58 73 75 84 85
SRC_MISMATCH_NO_TARGET,40,143,3,40 49,17,2,25000,1,62,,17 40 49
SRC_MISMATCH,40,144,6,40 42 53 56 61,20,4,25000,1,61,5,20 40 42 53 56 61
SRC_MISMATCH_NO_TARGET,42,145,3,42 54,17,2,25000,1,88,,17 42 54
SRC_MISMATCH_NO_TARGET,30,146,3,30 50,16,2,25000,1,75,,16 30 50
SRC_MISMATCH_NO_TARGET,16,147,4,16 28 53,6,1,25000,1,68,,6 16 28 53
SRC_MISMATCH_INVALID_EDGE,41,148,14,41 8 41 8 37 41 8 23 24 27 28 37 41,8,6,25000,1,78,,8 41 8 41 8 37 41 8 23 24 27 28 37 41
SRC_MISMATCH_NO_TARGET,19,149,6,19 32 34 46 55,4,4,25000,1,67,,4 19 32 34 46 55
SRC_MISMATCH_INVALID_EDGE,36,150,6,36 51 75 84 85,1,2,25000,1,85,5,1 36 51 75 84 85
SRC_MISMATCH_INVALID_EDGE,34,151,7,34 42 45 53 56 61,13,5,25000,1,61,6,13 34 42 45 53 56 61
SRC_MISMATCH_INVALID_EDGE,21,152,7,21 29 37 12 29 37,12,2,25000,1,89,,12 21 29 37 12 29 37
SRC_MISMATCH_INVALID_EDGE,16,153,6,16 16 30 31 58,9,3,25000,1,68,,9 16 16 30 31 58
SRC_MISMATCH_INVALID_EDGE,27,154,9,27 35 40 45 27 35 40 45,24,6,25000,1,76,,24 27 35 40 45 27 35 40 45
SRC_MISMATCH,35,155,5,35 75 77 87,24,1,25000,1,87,4,24 35 75 77 87
SRC_MISMATCH,33,156,7,33 43 54 58 60 73,20,4,25000,1,73,6,20 33 43 54 58 60 73
SRC_MISMATCH_INVALID_EDGE,86,157,2,86,22,0,25000,1,83,,22 86
STOP_BEFORE_START,,158,0,,19,0,25000,1,64,,19
SRC_MISMATCH_INVALID_EDGE,24,159,7,24 55 14 38 51 55,14,4,25000,1,81,,14 24 55 14 38 51 55
SRC_MISMATCH_NO_TARGET,53,160,5,53 56 57 70,22,3,25000,1,80,,22 53 56 57 70
SRC_MISMATCH_INVALID_EDGE,75,161,3,75 84,22,0,25000,1,84,2,22 75 84
SRC_MISMATCH,15,162,6,15 19 33 57 64,10,2,25000,1,64,5,10 15 19 33 57 64
SRC_MISMATCH,59,163,4,59 74 83,16,1,25000,1,83,3,16 59 74 83
SRC_MISMATCH_INVALID_EDGE,16,164,13,16 20 37 40 42 11 22 26 28 37 40 42,6,6,25000,1,69,,6 16 20 37 40 42 11 22 26 28 37 40 42
SRC_MISMATCH,31,165,8,31 37 44 53 57 60 73,25,5,25000,1,73,7,25 31 37 44 53 57 60 73
SRC_MISMATCH,33,166,8,33 42 46 65 67 78 79,20,3,25000,1,79,7,20 33 42 46 65 67 78 79
SRC_MISMATCH_INVALID_EDGE,35,167,6,35 11 24 27 35,11,2,25000,1,66,,11 35 11 24 27 35
SRC_MISMATCH_INVALID_EDGE,15,168,10,15 19 25 31 10 15 19 25 31,10,2,25000,1,77,,10 15 19 25 31 10 15 19 25 31
SRC_MISMATCH,31,169,5,31 59 64 67,20,2,25000,1,67,4,20 31 59 64 67
SRC_MISMATCH,35,170,7,35 40 42 46 55 62,0,5,25000,1,62,6,0 35 40 42 46 55 62
SRC_MISMATCH_NO_TARGET,30,171,4,30 32 34,2,3,25000,1,61,,2 30 32 34
SRC_MISMATCH,37,172,6,37 66 74 75 77,18,1,25000,1,77,5,18 37 66 74 75 77
SRC_MISMATCH_NO_TARGET,30,173,6,30 32 38 58 67,13,4,25000,1,87,,13 30 32 38 58 67
SRC_MISMATCH,29,174,8,29 36 41 46 52 60 67,11,4,25000,1,67,7,11 29 36 41 46 52 60 67
SRC_MISMATCH_INVALID_EDGE,29,175,9,29 59 8 41 59 8 41 59,8,5,25000,1,67,,8 29 59 8 41 59 8 41 59
SRC_MISMATCH_INVALID_EDGE,29,176,7,29 59 8 38 56 59,8,4,25000,1,81,,8 29 59 8 38 56 59
SRC_MISMATCH_INVALID_EDGE,16,177,5,16 16 16 30,9,1,25000,1,88,,9 16 16 16 30
SRC_MISMATCH_NO_TARGET,14,178,3,14 24,4,0,25000,1,60,,4 14 24
SRC_MISMATCH,29,179,8,29 36 41 52 60 64 67,21,3,25000,1,67,7,21 29 36 41 52 60 64 67
SRC_MISMATCH_INVALID_EDGE,34,180,8,34 42 4 11 35 40 42,4,5,25000,1,74,,4 34 42 4 11 35 40 42
SRC_MISMATCH_NO_TARGET,7,181,5,7 17 27 35,6,1,25000,1,64,,6 7 17 27 35
SRC_MISMATCH,52,182,3,52 61,15,1,25000,1,61,2,15 52 61
SRC_MISMATCH_NO_TARGET,16,183,4,16 30 32,1,2,25000,1,66,,1 16 30 32
SRC_MISMATCH_NO_TARGET,15,184,5,15 17 18 59,10,1,25000,1,65,,10 15 17 18 59
SRC_MISMATCH_NO_TARGET,40,185,8,40 42 45 53 57 59 78,25,6,25000,1,84,,25 40 42 45 53 57 59 78
SRC_MISMATCH_NO_TARGET,37,186,4,37 43 54,18,3,25000,1,72,,18 37 43 54
SRC_MISMATCH_INVALID_EDGE,19,187,5,19 52 60 64,17,1,25000,1,64,4,17 19 52 60 64
SRC_MISMATCH_INVALID_EDGE,41,188,2,41,13,1,25000,1,89,,13 41
SRC_MISMATCH,11,189,11,11 36 41 46 64 67 78 80 81 85,4,3,25000,1,85,10,4 11 36 41 46 64 67 78 80 81 85
SRC_MISMATCH_INVALID_EDGE,21,190,4,21 24 36,1,1,25000,1,70,,1 21 24 36
SRC_MISMATCH_NO_TARGET,17,191,7,17 27 37 40 42 59,15,4,25000,1,85,,15 17 27 37 40 42 59
SRC_MISMATCH_NO_TARGET,41,192,2,41,27,1,25000,1,89,,27 41
SRC_MISMATCH_NO_TARGET,24,193,6,24 35 40 44 58,14,4,25000,1,65,,14 24 35 40 44 58
SRC_MISMATCH_NO_TARGET,20,194,6,20 33 48 57 66,12,3,25000,1,69,,12 20 33 48 57 66
SRC_MISMATCH_INVALID_EDGE,39,195,6,39 47 56 57 60,16,4,25000,1,60,5,16 39 47 56 57 60
SRC_MISMATCH_INVALID_EDGE,55,196,4,55 60 63,9,1,25000,1,63,3,9 55 60 63
SRC_MISMATCH,26,197,6,26 28 45 53 61,25,2,25000,1,61,5,25 26 28 45 53 61
SRC_MISMATCH_NO_TARGET,37,198,5,37 43 54 58,18,4,25000,1,76,,18 37 43 54 58
SRC_MISMATCH_INVALID_EDGE,27,199,14,27 28 34 56 28 34 56 21 28 34 46 47 56,11,8,25000,1,81,,11 27 28 34 56 28 34 56 21 28 34 46 47 56
INVALID_EDGE,24,200,11,24 24 24 24 24 24 24 24 24 24 24,24,0,25000,1,63,,24 24 24 24 24 24 24 24 24 24 24
SRC_MISMATCH_INVALID_EDGE,27,201,3,27 59,13,1,25000,1,65,,13 27 59
SRC_MISMATCH_INVALID_EDGE,33,202,6,33 5 13 31 33,5,3,25000,1,84,,5 33 5 13 31 33
SRC_MISMATCH,52,203,4,52 60 63,22,1,25000,1,63,3,22 52 60 63
SRC_MISMATCH_INVALID_EDGE,16,204,4,16 78 79,9,0,25000,1,79,3,9 16 78 79
SRC_MISMATCH,35,205,8,35 40 48 74 75 84 85,29,3,25000,1,85,7,29 35 40 48 74 75 84 85
SRC_MISMATCH_NO_TARGET,30,206,3,30 55,13,2,25000,1,67,,13 30 55
SRC_MISMATCH_INVALID_EDGE,13,207,5,13 27 28 55,9,1,25000,1,82,,9 13 27 28 55
SRC_MISMATCH_INVALID_EDGE,29,208,12,29 35 40 48 8 15 17 27 35 40 48,8,6,25000,1,77,,8 29 35 40 48 8 15 17 27 35 40 48
SRC_MISMATCH,38,209,8,38 39 47 56 57 59 72,28,6,25000,1,72,7,28 38 39 47 56 57 59 72
SRC_MISMATCH_NO_TARGET,24,210,5,24 27 28 53,21,1,25000,1,78,,21 24 27 28 53
SRC_MISMATCH,34,211,6,34 42 60 72 74,18,2,25000,1,74,5,18 34 42 60 72 74
SRC_MISMATCH_INVALID_EDGE,17,212,4,17 75 77,15,0,25000,1,77,3,15 17 75 77
SRC_MISMATCH_INVALID_EDGE,44,213,6,44 74 75 77 87,16,1,25000,1,87,5,16 44 74 75 77 87
SRC_MISMATCH_NO_TARGET,26,214,4,26 28 53,25,1,25000,1,80,,25 26 28 53
SRC_MISMATCH,42,215,8,42 45 53 57 64 65 67,17,4,25000,1,67,7,17 42 45 53 57 64 65 67
SRC_MISMATCH_INVALID_EDGE,28,216,4,28 78 80,21,0,25000,1,80,3,21 28 78 80
SRC_MISMATCH,35,217,3,35 71,27,1,25000,1,71,2,27 35 71
SRC_MISMATCH_INVALID_EDGE,15,218,6,15 24 35 40 44,10,3,25000,1,74,,10 15 24 35 40 44
SRC_MISMATCH_NO_TARGET,22,219,3,22 33,10,1,25000,1,84,,10 22 33
SRC_MISMATCH_INVALID_EDGE,43,220,5,43 3 71 88,3,1,25000,1,88,4,3 43 3 71 88
SRC_MISMATCH_INVALID_EDGE,24,221,10,24 35 40 14 24 35 40 45 56,14,6,25000,1,82,,14 24 35 40 14 24 35 40 45 56
SRC_MISMATCH,35,222,7,35 40 48 57 70 89,0,4,25000,1,89,6,0 35 40 48 57 70 89
SRC_MISMATCH_INVALID_EDGE,46,223,5,46 47 57 76,2,3,25000,1,75,,2 46 47 57 76
SRC_MISMATCH_INVALID_EDGE,10,224,9,10 15 22 35 40 48 40 48,8,5,25000,1,80,,8 10 15 22 35 40 48 40 48
SRC_MISMATCH,23,225,7,23 35 40 48 62 65,8,3,25000,1,65,6,8 23 35 40 48 62 65
SRC_MISMATCH_NO_TARGET,14,226,3,14 24,6,0,25000,1,63,,6 14 24
SRC_MISMATCH,43,227,5,43 47 56 62,3,3,25000,1,62,4,3 43 47 56 62
SRC_MISMATCH_NO_TARGET,15,228,5,15 19 33 44,10,2,25000,1,88,,10 15 19 33 44
SRC_MISMATCH_INVALID_EDGE,35,229,6,35 49 50 52 60,21,4,25000,1,88,,21 35 49 50 52 60
SRC_MISMATCH_INVALID_EDGE,55,230,8,55 11 11 36 41 46 55,11,5,25000,1,88,,11 55 11 11 36 41 46 55
SRC_MISMATCH_NO_TARGET,16,231,4,16 30 32,9,2,25000,1,72,,9 16 30 32
SRC_MISMATCH_NO_TARGET,35,232,3,35 51,27,2,25000,1,68,,27 35 51
SRC_MISMATCH_INVALID_EDGE,17,233,5,17 24 74 75,6,0,25000,1,75,4,6 17 24 74 75
SRC_MISMATCH,29,234,7,29 48 50 52 60 71,23,3,25000,1,71,6,23 29 48 50 52 60 71
SRC_MISMATCH,40,235,6,40 42 53 56 62,20,4,25000,1,62,5,20 40 42 53 56 62
SRC_MISMATCH,31,236,10,31 37 40 48 57 59 64 67 78,20,6,25000,1,78,9,20 31 37 40 48 57 59 64 67 78
SRC_MISMATCH_NO_TARGET,24,237,3,24 35,14,1,25000,1,63,,14 24 35
SRC_MISMATCH_NO_TARGET,7,238,4,7 29 36,5,1,25000,1,61,,5 7 29 36
SRC_MISMATCH_INVALID_EDGE,61,239,5,61 64 67 71,25,0,25000,1,71,4,25 61 64 67 71
SRC_MISMATCH_INVALID_EDGE,26,240,4,26 39 44,19,2,25000,1,80,,19 26 39 44
INVALID_EDGE,36,241,7,1 36 1 15 17 18 36,1,2,25000,1,76,,1 36 1 15 17 18 36
SRC_MISMATCH_NO_TARGET,21,242,5,21 29 36 41,4,2,25000,1,62,,4 21 29 36 41
SRC_MISMATCH_NO_TARGET,37,243,4,37 54 62,27,2,25000,1,73,,27 37 54 62
SRC_MISMATCH_NO_TARGET,35,244,3,35 51,27,2,25000,1,65,,27 35 51
INVALID_EDGE,15,245,9,15 15 15 22 15 22 35 40 42,15,3,25000,1,82,,15 15 15 22 15 22 35 40 42
SRC_MISMATCH_NO_TARGET,48,246,2,48,28,1,25000,1,76,,28 48
SRC_MISMATCH_NO_TARGET,35,247,5,35 40 48 57,11,4,25000,1,86,,11 35 40 48 57
SRC_MISMATCH_NO_TARGET,29,248,5,29 37 41 51,21,3,25000,1,65,,21 29 37 41 51
SRC_MISMATCH_INVALID_EDGE,27,249,5,27 28 64 65,24,0,25000,1,65,4,24 27 28 64 65
SRC_MISMATCH_INVALID_EDGE,59,250,3,59 72,3,1,25000,1,72,2,3 59 72
SRC_MISMATCH,58,251,3,58 61,27,1,25000,1,61,2,27 58 61
SRC_MISMATCH_NO_TARGET,10,252,5,10 23 25 52,8,1,25000,1,64,,8 10 23 25 52
SRC_MISMATCH_INVALID_EDGE,43,253,5,43 3 33 43,3,3,25000,1,87,,3 43 3 33 43
SRC_MISMATCH_INVALID_EDGE,15,254,9,15 22 38 39 28 38 39 47,10,5,25000,1,82,,10 15 22 38 39 28 38 39 47
SRC_MISMATCH_INVALID_EDGE,21,255,4,21 36 41,4,2,25000,1,89,,4 21 36 41
SRC_MISMATCH_INVALID_EDGE,34,256,4,34 42 59,13,3,25000,1,77,,13 34 42 59
SRC_MISMATCH_NO_TARGET,28,257,4,28 34 42,26,2,25000,1,78,,26 28 34 42
SRC_MISMATCH_NO_TARGET,41,258,3,41 51,26,2,25000,1,68,,26 41 51
SRC_MISMATCH_INVALID_EDGE,28,259,6,28 38 26 28 38,26,2,25000,1,85,,26 28 38 26 28 38
SRC_MISMATCH_NO_TARGET,29,260,6,29 36 41 51 55,7,4,25000,1,82,,7 29 36 41 51 55
SRC_MISMATCH_NO_TARGET,40,261,3,40 48,20,2,25000,1,74,,20 40 48
SRC_MISMATCH,35,262,8,35 51 61 64 65 67 71,0,2,25000,1,71,7,0 35 51 61 64 65 67 71
SRC_MISMATCH_INVALID_EDGE,12,263,7,12 12 14 12 14 34,15,1,25000,1,74,,15 12 12 14 12 14 34
SRC_MISMATCH_NO_TARGET,26,264,5,26 28 37 41,19,2,25000,1,89,,19 26 28 37 41
SRC_MISMATCH,35,265,7,35 51 69 76 80 81,0,2,25000,1,81,6,0 35 51 69 76 80 81
SRC_MISMATCH_INVALID_EDGE,86,266,2,86,22,0,25000,1,77,,22 86
SRC_MISMATCH_INVALID_EDGE,29,267,8,29 36 41 52 60 44 73,21,4,25000,1,70,,21 29 36 41 52 60 44 73
SRC_MISMATCH_NO_TARGET,13,268,5,13 20 31 34,9,2,25000,1,85,,9 13 20 31 34
SRC_MISMATCH_NO_TARGET,37,269,7,37 40 42 45 66 68,29,4,25000,1,83,,29 37 40 42 45 66 68
SRC_MISMATCH_NO_TARGET,16,270,4,16 28 45,6,1,25000,1,60,,6 16 28 45
SRC_MISMATCH_NO_TARGET,29,271,7,29 36 41 52 60 63,21,3,25000,1,82,,21 29 36 41 52 60 63
SRC_MISMATCH_INVALID_EDGE,13,272,3,13 66,5,0,25000,1,62,,5 13 66
SRC_MISMATCH,41,273,6,41 51 55 60 63,26,3,25000,1,63,5,26 41 51 55 60 63
SRC_MISMATCH,30,274,5,30 50 52 60,13,3,25000,1,60,4,13 30 50 52 60
SRC_MISMATCH_NO_TARGET,7,275,4,7 23 35,6,1,25000,1,65,,6 7 23 35
SRC_MISMATCH_INVALID_EDGE,27,276,5,27 28 74 83,11,0,25000,1,83,4,11 27 28 74 83
SRC_MISMATCH_NO_TARGET,14,277,5,14 18 42 53,4,2,25000,1,88,,4 14 18 42 53
SRC_MISMATCH_NO_TARGET,16,278,8,16 30 32 40 43 47 56,9,6,25000,1,65,,9 16 30 32 40 43 47 56
SRC_MISMATCH,30,279,5,30 55 65 68,13,2,25000,1,68,4,13 30 55 65 68
SRC_MISMATCH,45,280,6,45 49 52 60 71,7,3,25000,1,71,5,7 45 49 52 60 71
SRC_MISMATCH,26,281,9,26 28 37 40 44 72 74 89,16,3,25000,1,89,8,16 26 28 37 40 44 72 74 89
SRC_MISMATCH_INVALID_EDGE,15,282,10,15 43 47 56 10 33 43 47 56,10,7,25000,1,63,,10 15 43 47 56 10 33 43 47 56
SRC_MISMATCH_INVALID_EDGE,29,283,8,29 36 41 7 18 36 41,7,4,25000,1,89,,7 29 36 41 7 18 36 41
SRC_MISMATCH_INVALID_EDGE,37,284,8,37 40 42 29 37 40 42,29,6,25000,1,74,,29 37 40 42 29 37 40 42
SRC_MISMATCH_INVALID_EDGE,7,285,7,7 17 32 49 60 73,6,2,25000,1,73,6,6 7 17 32 49 60 73
SRC_MISMATCH_INVALID_EDGE,28,286,4,28 78 84,26,0,25000,1,84,3,26 28 78 84
SRC_MISMATCH,43,287,5,43 69 76 82,25,1,25000,1,82,4,25 43 69 76 82
SRC_MISMATCH,52,288,5,52 60 64 67,22,1,25000,1,67,4,22 52 60 64 67
SRC_MISMATCH,17,289,8,17 42 45 53 57 59 72,15,5,25000,1,72,7,15 17 42 45 53 57 59 72
SRC_MISMATCH_NO_TARGET,27,290,5,27 28 37 57,15,2,25000,1,86,,15 27 28 37 57
SRC_MISMATCH_INVALID_EDGE,36,291,11,36 51 1 15 17 18 36 41 51 69,1,5,25000,1,87,,1 36 51 1 15 17 18 36 41 51 69
SRC_MISMATCH_INVALID_EDGE,13,292,11,13 27 28 34 42 21 29 35 40 42,9,5,25000,1,81,,9 13 27 28 34 42 21 29 35 40 42
SRC_MISMATCH,26,293,10,26 28 37 40 44 72 80 82 89,5,3,25000,1,89,9,5 26 28 37 40 44 72 80 82 89
SRC_MISMATCH_NO_TARGET,24,294,8,24 27 35 40 42 46 52,12,5,25000,1,86,,12 24 27 35 40 42 46 52
SRC_MISMATCH_INVALID_EDGE,21,295,6,21 36 41 46 55,4,4,25000,1,79,,4 21 36 41 46 55
SRC_MISMATCH,52,296,6,52 61 64 67 78,22,1,25000,1,78,5,22 52 61 64 67 78
SRC_MISMATCH_INVALID_EDGE,81,297,2,81,17,0,25000,1,80,,17 81
SRC_MISMATCH_INVALID_EDGE,34,298,10,34 42 45 49 16 20 40 45 49,16,7,25000,1,62,,16 34 42 45 49 16 20 40 45 49
SRC_MISMATCH_NO_TARGET,28,299,10,28 34 42 45 49 60 72 74 75,26,4,25000,1,77,,26 28 34 42 45 49 60 72 74 75
SRC_MISMATCH_INVALID_EDGE,26,300,10,26 28 37 19 25 26 28 37 40,19,3,25000,1,86,,19 26 28 37 19 25 26 28 37 40
SRC_MISMATCH_NO_TARGET,24,301,5,24 27 28 53,21,1,25000,1,83,,21 24 27 28 53
SRC_MISMATCH_NO_TARGET,24,302,4,24 36 41,21,2,25000,1,89,,21 24 36 41
SRC_MISMATCH_NO_TARGET,4,303,4,4 19 32,2,1,25000,1,80,,2 4 19 32
SRC_MISMATCH_INVALID_EDGE,17,304,3,17 75,1,0,25000,1,71,,1 17 75
SRC_MISMATCH,31,305,6,31 59 64 65 68,20,2,25000,1,68,5,20 31 59 64 65 68
SRC_MISMATCH_NO_TARGET,24,306,5,24 34 42 53,3,3,25000,1,71,,3 24 34 42 53
SRC_MISMATCH_INVALID_EDGE,75,307,2,75,15,0,25000,1,75,1,15 75
SRC_MISMATCH_NO_TARGET,24,308,3,24 35,14,1,25000,1,74,,14 24 35
SRC_MISMATCH_INVALID_EDGE,35,309,8,35 46 55 29 35 46 55,29,6,25000,1,77,,29 35 46 55 29 35 46 55
SRC_MISMATCH,28,310,10,28 37 41 51 55 60 63 66 69,26,4,25000,1,69,9,26 28 37 41 51 55 60 63 66 69
SRC_MISMATCH_INVALID_EDGE,21,311,7,21 29 59 78 80 81,12,1,25000,1,81,6,12 21 29 59 78 80 81
SRC_MISMATCH_NO_TARGET,23,312,9,23 35 40 48 63 66 69 76,6,3,25000,1,82,,6 23 35 40 48 63 66 69 76
SRC_MISMATCH_NO_TARGET,21,313,7,21 24 27 28 34 46,4,2,25000,1,69,,4 21 24 27 28 34 46
SRC_MISMATCH_INVALID_EDGE,31,314,7,31 1 14 18 25 31,1,2,25000,1,84,,1 31 1 14 18 25 31
SRC_MISMATCH_NO_TARGET,30,315,4,30 50 76,13,2,25000,1,82,,13 30 50 76
SRC_MISMATCH_INVALID_EDGE,29,316,6,29 63 66 68 74,8,0,25000,1,74,5,8 29 63 66 68 74
SRC_MISMATCH,34,317,5,34 42 46 74,21,3,25000,1,74,4,21 34 42 46 74
SRC_MISMATCH_NO_TARGET,24,318,5,24 27 37 58,3,2,25000,1,67,,3 24 27 37 58
SRC_MISMATCH_NO_TARGET,37,319,5,37 43 54 58,18,4,25000,1,86,,18 37 43 54 58
SRC_MISMATCH_NO_TARGET,37,320,3,37 55,18,2,25000,1,82,,18 37 55
SRC_MISMATCH_INVALID_EDGE,64,321,5,64 65 76 80,15,0,25000,1,80,4,15 64 65 76 80
SRC_MISMATCH_NO_TARGET,24,322,4,24 35 40,14,2,25000,1,72,,14 24 35 40
SRC_MISMATCH_NO_TARGET,38,323,6,38 39 47 50 52,28,5,25000,1,86,,28 38 39 47 50 52
SRC_MISMATCH,34,324,3,34 66,18,1,25000,1,66,2,18 34 66
SRC_MISMATCH_NO_TARGET,26,325,5,26 28 57 59,11,2,25000,1,78,,11 26 28 57 59
SRC_MISMATCH_NO_TARGET,4,326,6,4 11 30 32 34,2,3,25000,1,87,,2 4 11 30 32 34
SRC_MISMATCH_INVALID_EDGE,22,327,9,22 33 42 11 23 25 31 33,11,4,25000,1,76,,11 22 33 42 11 23 25 31 33
SRC_MISMATCH_NO_TARGET,42,328,4,42 53 56,19,3,25000,1,61,,19 42 53 56
SRC_MISMATCH_INVALID_EDGE,24,329,8,24 36 40 14 18 36 40,14,4,25000,1,89,,14 24 36 40 14 18 36 40
SRC_MISMATCH,38,330,10,38 43 47 50 52 60 63 66 69,28,5,25000,1,69,9,28 38 43 47 50 52 60 63 66 69
SRC_MISMATCH_INVALID_EDGE,29,331,8,29 36 41 7 18 36 41,7,4,25000,1,86,,7 29 36 41 7 18 36 41
SRC_MISMATCH,26,332,7,26 28 53 57 59 72,20,3,25000,1,72,6,20 26 28 53 57 59 72
SRC_MISMATCH_INVALID_EDGE,26,333,13,26 28 37 40 44 49 25 26 28 37 40 44,25,7,25000,1,87,,25 26 28 37 40 44 49 25 26 28 37 40 44
SRC_MISMATCH,37,334,4,37 71 75,27,1,25000,1,75,3,27 37 71 75
SRC_MISMATCH_INVALID_EDGE,29,335,10,29 43 47 23 29 35 40 43 47,23,6,25000,1,84,,23 29 43 47 23 29 35 40 43 47
SRC_MISMATCH,37,336,6,37 48 65 74 75,18,2,25000,1,75,5,18 37 48 65 74 75
SRC_MISMATCH,36,337,6,36 41 51 71 79,29,3,25000,1,79,5,29 36 41 51 71 79
SRC_MISMATCH_NO_TARGET,37,338,5,37 43 54 58,18,4,25000,1,83,,18 37 43 54 58
SRC_MISMATCH_INVALID_EDGE,64,339,5,64 65 67 71,15,0,25000,1,71,4,15 64 65 67 71
SRC_MISMATCH_INVALID_EDGE,35,340,8,35 40 42 29 35 40 42,29,6,25000,1,87,,29 35 40 42 29 35 40 42
SRC_MISMATCH_NO_TARGET,26,341,4,26 28 53,25,1,25000,1,88,,25 26 28 53
SRC_MISMATCH_NO_TARGET,26,342,6,26 28 37 40 44,25,3,25000,1,85,,25 26 28 37 40 44
SRC_MISMATCH,31,343,8,31 37 40 48 50 52 60,20,6,25000,1,60,7,20 31 37 40 48 50 52 60
SRC_MISMATCH_NO_TARGET,35,344,2,35,27,1,25000,1,70,,27 35
SRC_MISMATCH_NO_TARGET,24,345,7,24 27 35 40 44 64,0,3,25000,1,86,,0 24 27 35 40 44 64
SRC_MISMATCH_NO_TARGET,37,346,5,37 40 48 57,29,4,25000,1,88,,29 37 40 48 57
SRC_MISMATCH,37,347,6,37 48 74 75 77,28,2,25000,1,77,5,28 37 48 74 75 77
SRC_MISMATCH_INVALID_EDGE,36,348,8,36 40 7 23 29 36 40,7,4,25000,1,87,,7 36 40 7 23 29 36 40
SRC_MISMATCH,36,349,5,36 80 82 89,24,1,25000,1,89,4,24 36 80 82 89
SRC_MISMATCH_NO_TARGET,22,350,5,22 29 36 41,9,2,25000,1,62,,9 22 29 36 41
SRC_MISMATCH_INVALID_EDGE,21,351,4,21 24 47,1,1,25000,1,82,,1 21 24 47
SRC_MISMATCH,42,352,7,42 45 53 63 75 77,19,3,25000,1,77,6,19 42 45 53 63 75 77
SRC_MISMATCH_INVALID_EDGE,15,353,10,15 19 32 19 32 34 42 69 76,10,4,25000,1,81,,10 15 19 32 19 32 34 42 69 76
SRC_MISMATCH,40,354,6,40 48 78 80 81,20,2,25000,1,81,5,20 40 48 78 80 81
SRC_MISMATCH,57,355,5,57 69 76 81,28,1,25000,1,81,4,28 57 69 76 81
SRC_MISMATCH_INVALID_EDGE,42,356,10,42 45 49 17 29 37 40 45 49,17,7,25000,1,63,,17 42 45 49 17 29 37 40 45 49
SRC_MISMATCH,35,357,6,35 51 55 60 64,0,3,25000,1,64,5,0 35 51 55 60 64
SRC_MISMATCH_INVALID_EDGE,41,358,7,41 46 73 76 80 88,26,2,25000,1,88,6,26 41 46 73 76 80 88
SRC_MISMATCH_NO_TARGET,26,359,5,26 28 38 43,19,2,25000,1,83,,19 26 28 38 43
SRC_MISMATCH_INVALID_EDGE,69,360,2,69,19,0,25000,1,66,,19 69
SRC_MISMATCH_NO_TARGET,26,361,5,26 28 45 53,19,2,25000,1,76,,19 26 28 45 53
SRC_MISMATCH_NO_TARGET,15,362,4,15 45 53,10,2,25000,1,73,,10 15 45 53
SRC_MISMATCH_INVALID_EDGE,38,363,6,38 38 39 59 64,14,4,25000,1,64,5,14 38 38 39 59 64
SRC_MISMATCH_NO_TARGET,16,364,4,16 30 32,9,2,25000,1,74,,9 16 30 32
SRC_MISMATCH,52,365,3,52 60,22,1,25000,1,60,2,22 52 60
SRC_MISMATCH,34,366,4,34 66 68,5,1,25000,1,68,3,5 34 66 68
SRC_MISMATCH_INVALID_EDGE,29,367,8,29 36 40 23 29 36 40,23,4,25000,1,86,,23 29 36 40 23 29 36 40
SRC_MISMATCH_NO_TARGET,8,368,4,8 29 35,6,1,25000,1,72,,6 8 29 35
SRC_MISMATCH_INVALID_EDGE,74,369,3,74 83,12,0,25000,1,83,2,12 74 83
SRC_MISMATCH_INVALID_EDGE,28,370,3,28 78,12,0,25000,1,60,,12 28 78
SRC_MISMATCH_INVALID_EDGE,32,371,12,32 34 42 2 4 8 15 17 18 32 34,2,5,25000,1,71,,2 32 34 42 2 4 8 15 17 18 32 34
SRC_MISMATCH,37,372,5,37 55 60 71,18,2,25000,1,71,4,18 37 55 60 71
SRC_MISMATCH_NO_TARGET,43,373,4,43 54 58,25,3,25000,1,77,,25 43 54 58
SRC_MISMATCH_NO_TARGET,35,374,3,35 51,27,2,25000,1,62,,27 35 51
SRC_MISMATCH_NO_TARGET,15,375,4,15 22 38,2,1,25000,1,73,,2 15 22 38
SRC_MISMATCH_NO_TARGET,29,376,7,29 43 47 56 57 59,23,5,25000,1,76,,23 29 43 47 56 57 59
SRC_MISMATCH_INVALID_EDGE,17,377,9,17 27 37 12 29 37 41 46,15,4,25000,1,76,,15 17 27 37 12 29 37 41 46
SRC_MISMATCH_NO_TARGET,28,378,7,28 34 46 47 57 59,26,5,25000,1,76,,26 28 34 46 47 57 59
SRC_MISMATCH,33,379,6,33 51 55 60 64,18,3,25000,1,64,5,18 33 51 55 60 64
SRC_MISMATCH_INVALID_EDGE,49,380,5,49 52 60 63,15,2,25000,1,63,4,15 49 52 60 63
SRC_MISMATCH_INVALID_EDGE,45,381,7,45 47 56 11 45 56,11,5,25000,1,71,,11 45 47 56 11 45 56
SRC_MISMATCH_NO_TARGET,30,382,3,30 31,16,2,25000,1,69,,16 30 31
SRC_MISMATCH_INVALID_EDGE,84,383,2,84,22,0,25000,1,81,,22 84
SRC_MISMATCH,36,384,8,36 41 46 47 50 65 67,29,5,25000,1,67,7,29 36 41 46 47 50 65 67
SRC_MISMATCH,24,385,7,24 35 40 45 52 60,14,4,25000,1,60,6,14 24 35 40 45 52 60
SRC_MISMATCH_INVALID_EDGE,30,386,10,30 32 45 49 16 30 32 45 49,16,8,25000,1,64,,16 30 32 45 49 16 30 32 45 49
SRC_MISMATCH_INVALID_EDGE,13,387,3,13 78,9,0,25000,1,73,,9 13 78
SRC_MISMATCH_INVALID_EDGE,4,388,10,4 42 46 2 4 33 42 46 47,2,6,25000,1,70,,2 4 42 46 2 4 33 42 46 47
SRC_MISMATCH_INVALID_EDGE,35,389,13,35 11 17 29 35 11 24 35 11 24 27 35,11,4,25000,1,77,,11 35 11 17 29 35 11 24 35 11 24 27 35
SRC_MISMATCH_INVALID_EDGE,40,390,7,40 3 20 25 40 45,3,3,25000,1,70,,3 40 3 20 25 40 45
SRC_MISMATCH,40,391,9,40 48 57 59 72 74 75 84,20,4,25000,1,84,8,20 40 48 57 59 72 74 75 84
SRC_MISMATCH_INVALID_EDGE,28,392,12,28 34 42 54 58 28 34 39 43 54 58,25,9,25000,1,67,,25 28 34 42 54 58 28 34 39 43 54 58
SRC_MISMATCH_NO_TARGET,26,393,4,26 28 53,19,1,25000,1,75,,19 26 28 53
SRC_MISMATCH_NO_TARGET,29,394,4,29 43 47,23,2,25000,1,75,,23 29 43 47
SRC_MISMATCH,15,395,7,15 27 37 40 44 72,10,3,25000,1,72,6,10 15 27 37 40 44 72
SRC_MISMATCH_INVALID_EDGE,28,396,12,28 34 42 45 49 26 28 34 42 45 49,26,8,25000,1,89,,26 28 34 42 45 49 26 28 34 42 45 49
SRC_MISMATCH_INVALID_EDGE,17,397,5,17 19 33 56,15,2,25000,1,64,,15 17 19 33 56
SRC_MISMATCH_INVALID_EDGE,29,398,10,29 43 47 23 29 35 40 43 47,23,6,25000,1,77,,23 29 43 47 23 29 35 40 43 47
SRC_MISMATCH,31,399,8,31 37 66 69 76 80 81,25,2,25000,1,81,7,25 31 37 66 69 76 80 81
SRC_MISMATCH,17,400,8,17 42 45 53 57 60 67,15,4,25000,1,67,7,15 17 42 45 53 57 60 67
SRC_MISMATCH,33,401,8,33 42 53 56 57 60 63,20,5,25000,1,63,7,20 33 42 53 56 57 60 63
SRC_MISMATCH_NO_TARGET,7,402,5,7 13 27 35,5,1,25000,1,70,,5 7 13 27 35
SRC_MISMATCH_NO_TARGET,24,403,5,24 42 46 52,3,3,25000,1,75,,3 24 42 46 52
SRC_MISMATCH_INVALID_EDGE,69,404,2,69,11,0,25000,1,69,1,11 69
SRC_MISMATCH,41,405,7,41 51 55 60 63 66,26,3,25000,1,66,6,26 41 51 55 60 63 66
SRC_MISMATCH_NO_TARGET,7,406,6,7 35 40 44 53,5,4,25000,1,65,,5 7 35 40 44 53
SRC_MISMATCH_NO_TARGET,24,407,5,24 27 28 38,21,1,25000,1,85,,21 24 27 28 38
SRC_MISMATCH,42,408,6,42 45 53 57 70,17,4,25000,1,70,5,17 42 45 53 57 70
SRC_MISMATCH_NO_TARGET,29,409,4,29 43 47,23,2,25000,1,73,,23 29 43 47
SRC_MISMATCH_NO_TARGET,30,410,4,30 32 45,16,3,25000,1,76,,16 30 32 45
SRC_MISMATCH,27,411,8,27 28 37 40 45 49 60,15,4,25000,1,60,7,15 27 28 37 40 45 49 60
SRC_MISMATCH_INVALID_EDGE,24,412,8,24 55 3 33 42 46 55,3,5,25000,1,77,,3 24 55 3 33 42 46 55
SRC_MISMATCH_NO_TARGET,4,413,5,4 26 39 69,2,1,25000,1,82,,2 4 26 39 69
SRC_MISMATCH_INVALID_EDGE,14,414,9,14 18 32 59 20 26 57 59,4,4,25000,1,64,,4 14 18 32 59 20 26 57 59
SRC_MISMATCH_INVALID_EDGE,26,415,4,26 28 74,25,0,25000,1,74,3,25 26 28 74
SRC_MISMATCH,35,416,8,35 40 48 74 75 84 85,0,3,25000,1,85,7,0 35 40 48 74 75 84 85
SRC_MISMATCH_NO_TARGET,30,417,3,30 50,13,2,25000,1,80,,13 30 50
SRC_MISMATCH,39,418,5,39 47 56 61,9,3,25000,1,61,4,9 39 47 56 61
SRC_MISMATCH,35,419,6,35 51 78 80 81,27,2,25000,1,81,5,27 35 51 78 80 81
SRC_MISMATCH_INVALID_EDGE,72,420,2,72,2,0,25000,1,72,1,2 72
SRC_MISMATCH_NO_TARGET,36,421,5,36 41 46 47,11,4,25000,1,70,,11 36 41 46 47
SRC_MISMATCH_NO_TARGET,27,422,5,27 35 49 50,24,3,25000,1,81,,24 27 35 49 50
SRC_MISMATCH_INVALID_EDGE,33,423,8,33 22 33 22 33 22 33,22,4,25000,1,79,,22 33 22 33 22 33 22 33
SRC_MISMATCH_INVALID_EDGE,29,424,10,29 36 40 43 23 29 35 40 43,23,6,25000,1,78,,23 29 36 40 43 23 29 35 40 43
SRC_MISMATCH_NO_TARGET,26,425,5,26 28 37 43,25,2,25000,1,79,,25 26 28 37 43
SRC_MISMATCH_INVALID_EDGE,33,426,5,33 22 84 85,22,1,25000,1,85,4,22 33 22 84 85
SRC_MISMATCH_INVALID_EDGE,7,427,8,7 41 5 16 30 31 41,5,4,25000,1,79,,5 7 41 5 16 30 31 41
SRC_MISMATCH_INVALID_EDGE,7,428,8,7 7 1 15 27 28 38,1,1,25000,1,74,,1 7 7 1 15 27 28 38
SRC_MISMATCH,23,429,7,23 35 40 48 62 66,8,3,25000,1,66,6,8 23 35 40 48 62 66
SRC_MISMATCH,56,430,3,56 61,4,1,25000,1,61,2,4 56 61
SRC_MISMATCH_INVALID_EDGE,34,431,7,34 42 45 49 50 62,13,5,25000,1,62,6,13 34 42 45 49 50 62
SRC_MISMATCH_INVALID_EDGE,7,432,4,7 7 36,5,1,25000,1,80,,5 7 7 36
SRC_MISMATCH_NO_TARGET,37,433,5,37 40 44 53,29,4,25000,1,82,,29 37 40 44 53
SRC_MISMATCH,43,434,6,43 47 56 57 60,3,4,25000,1,60,5,3 43 47 56 57 60
SRC_MISMATCH,29,435,8,29 36 40 48 50 52 60,23,5,25000,1,60,7,23 29 36 40 48 50 52 60
SRC_MISMATCH_NO_TARGET,29,436,4,29 36 40,15,2,25000,1,89,,15 29 36 40
SRC_MISMATCH,38,437,6,38 50 52 60 73,28,3,25000,1,73,5,28 38 50 52 60 73
SRC_MISMATCH_NO_TARGET,29,438,5,29 36 41 52,22,3,25000,1,86,,22 29 36 41 52
SRC_MISMATCH_INVALID_EDGE,24,439,13,24 34 42 54 58 14 18 34 39 43 54 58,14,9,25000,1,86,,14 24 34 42 54 58 14 18 34 39 43 54 58
SRC_MISMATCH_NO_TARGET,24,440,3,24 35,14,1,25000,1,61,,14 24 35
SRC_MISMATCH_INVALID_EDGE,15,441,4,15 66 69,10,0,25000,1,69,3,10 15 66 69
SRC_MISMATCH_NO_TARGET,24,442,4,24 35 40,14,2,25000,1,66,,14 24 35 40
SRC_MISMATCH_NO_TARGET,41,443,4,41 46 47,26,3,25000,1,70,,26 41 46 47
SRC_MISMATCH,38,444,8,38 39 61 64 76 80 88,28,2,25000,1,88,7,28 38 39 61 64 76 80 88
SRC_MISMATCH_NO_TARGET,30,445,4,30 32 45,16,3,25000,1,63,,16 30 32 45
SRC_MISMATCH_INVALID_EDGE,27,446,5,27 28 74 82,11,0,25000,1,82,4,11 27 28 74 82
SRC_MISMATCH_NO_TARGET,13,447,4,13 19 33,9,1,25000,1,70,,9 13 19 33
SRC_MISMATCH_INVALID_EDGE,24,448,7,24 40 14 24 35 40,14,3,25000,1,84,,14 24 40 14 24 35 40
SRC_MISMATCH_INVALID_EDGE,63,449,3,63 76,25,0,25000,1,76,2,25 63 76
