pair_index,prob_bridge_after_src,prob_continue_after_target,prob_eos_after_bridge,prob_eos_after_prompt,prob_eos_after_src,prob_eos_after_target,prob_src_repeat,prob_target_after_bridge,prob_target_direct_after_src,source,step,target
0,0.034209031611680984,7.867813110351562e-06,0.019839953631162643,5.493230315067876e-09,7.159636083997611e-08,0.9999921321868896,1.0744294343112415e-08,1.4478565901754337e-08,0.0001876052119769156,12,20000,67
1,0.00451838131994009,2.3126602172851562e-05,0.005948724690824747,3.003758664021916e-08,3.287210290636722e-07,0.9999768733978271,1.6013809727155603e-05,0.07167642563581467,3.5902147921262895e-09,9,20000,60
2,0.0002849999291356653,0.0,1.5662177247577347e-05,7.004092185525224e-05,2.8511501568573294e-06,1.0,0.0027419410180300474,0.0014830447034910321,3.398864282644354e-05,6,20000,88
3,0.48128825426101685,0.0,0.011737734079360962,1.1477652606117772e-06,2.0803863520768573e-08,1.0,3.9445797739290356e-08,2.5976176402764395e-05,4.2000894495686225e-07,11,20000,68
4,0.062422025948762894,0.0,0.509555459022522,2.145290454791393e-05,5.926508617193349e-09,1.0,4.3520044528122526e-06,8.785954378254246e-06,1.7392931113136e-06,21,20000,75
5,0.00013807664799969643,1.7881393432617188e-06,0.9233757257461548,5.666268043569289e-05,1.2552222869999241e-06,0.9999982118606567,0.0010089190909639,2.9748598535661586e-06,4.460897980607115e-05,1,20000,67
6,0.967942476272583,0.0,0.6110320091247559,0.0023392527364194393,1.9291464923298918e-05,1.0,4.8195968105346765e-08,1.4074166720945414e-08,2.098040931741707e-05,23,20000,74
7,0.8150017857551575,0.0,3.19774073886947e-08,0.0007750350632704794,0.0004752391541842371,1.0,1.1087352049798938e-06,0.01940014772117138,0.004360955208539963,19,20000,87
8,0.01192508079111576,1.1920928955078125e-07,0.9491704702377319,1.2451785096345702e-06,0.0008679945021867752,0.9999998807907104,0.00011150057980557904,4.706106171425972e-09,2.1096187907687636e-08,5,20000,64
9,0.024101460352540016,1.5497207641601562e-06,9.926670827553608e-06,0.0013332259841263294,0.002134658396244049,0.9999984502792358,0.00038328234222717583,0.37808942794799805,0.003765485482290387,26,20000,71
10,0.0023551268968731165,0.0,4.6235650188464206e-06,1.9496588787859537e-09,5.109353044818743e-12,1.0,1.303836683064219e-08,0.9998124241828918,4.9874954860529286e-11,25,20000,70
11,0.049688685685396194,1.1920928955078125e-07,0.7413377165794373,3.737861561603495e-06,2.99242528853938e-05,0.9999998807907104,6.0791113355662674e-05,3.0780014981246495e-07,1.274592705158284e-05,17,20000,69
12,0.8551803231239319,0.0,2.8452486731112003e-06,3.627561540042734e-08,6.666875833616359e-07,1.0,1.4597228982893284e-05,2.8114717220972807e-09,4.3768391688736585e-10,20,20000,71
13,0.009279876947402954,0.0,0.7427225708961487,1.3304997082741465e-05,5.021525339543587e-06,1.0,4.118323340662755e-05,0.0002213005645899102,0.8952695727348328,0,20000,69
14,0.1546402871608734,0.005217254161834717,0.07032078504562378,0.00624544732272625,0.013296129181981087,0.9947827458381653,1.3517073966795579e-05,0.07579591870307922,5.230750232954051e-08,26,20000,65
15,0.041215356439352036,0.0,2.0423376554390416e-05,1.1305319347343357e-08,3.54656104831208e-12,1.0,0.0015489262295886874,0.9992465972900391,0.00018680149514693767,2,20000,66
16,0.009938312694430351,8.940696716308594e-06,0.9839208126068115,0.0011726977536454797,0.0001363514893455431,0.9999910593032837,1.5826866217594215e-07,5.670488523179529e-09,3.6284376392359263e-07,26,20000,74
17,0.9931871891021729,0.0,0.5889586210250854,0.00014966182061471045,1.0176743217016337e-06,1.0,1.4019761692907196e-05,1.631713348615449e-05,3.878921052091755e-05,23,20000,89
18,0.02241954207420349,2.384185791015625e-07,0.9833399057388306,0.002490352839231491,7.3600626819825266e-06,0.9999997615814209,0.0020090024918317795,1.785663243936142e-07,2.118506745318882e-05,7,20000,84
19,0.9696159958839417,4.649162292480469e-06,0.9345729351043701,4.523679653090085e-09,2.9193176764863438e-09,0.9999953508377075,0.00016347014752682298,2.3423352502049966e-07,6.231514271348715e-05,20,20000,80
20,0.0057716672308743,7.152557373046875e-07,0.9913215041160583,1.2555105399769673e-08,2.026934566856653e-07,0.9999992847442627,0.0056832111440598965,1.547807642054977e-07,1.1613815464883714e-09,14,20000,79
21,0.04842855781316757,1.4424324035644531e-05,0.47422105073928833,0.00032744475174695253,0.0002202533942181617,0.9999855756759644,1.265667890493205e-07,0.0007992367027327418,2.8414956432243343e-07,26,20000,61
22,0.8488435745239258,0.0,0.0015997262671589851,2.6526029159867903e-06,3.2737130783999646e-09,1.0,2.5391104774286077e-09,4.750953394250246e-06,1.6487730292169545e-08,18,20000,85
23,0.7469621896743774,0.0,3.7399686334538274e-06,2.7445112209534273e-06,2.4126362063725537e-07,1.0,3.047078962481464e-07,0.9992840886116028,1.2377949332176286e-08,22,20000,70
24,0.20613278448581696,3.2186508178710938e-06,2.6712552880781004e-07,1.7628043735840038e-07,5.504027171809867e-07,0.9999967813491821,6.0236048739170656e-05,2.6661524099580447e-09,1.2116906873416156e-06,4,20000,68
25,0.816852331161499,0.0,0.1350134015083313,1.8663658118978077e-10,3.2371259006680475e-09,1.0,9.375755325891078e-06,2.688423421659536e-07,2.2795657028673588e-10,20,20000,83
26,0.8418030738830566,4.76837158203125e-07,1.4991074976933305e-06,1.40168913276284e-05,2.0992360077798367e-05,0.9999995231628418,4.4459138734964654e-05,2.496603428880917e-06,0.005693264305591583,28,20000,71
27,0.9824022650718689,2.384185791015625e-07,0.9946399331092834,3.52194362562841e-08,1.0582699587757816e-06,0.9999997615814209,1.2980606697965413e-05,8.756578573354545e-09,1.992239928583217e-09,27,20000,78
28,0.2428721785545349,1.1920928955078125e-07,0.18687400221824646,9.34066193281069e-08,7.775933141829228e-08,0.9999998807907104,0.0008974230731837451,3.4252305852744414e-11,3.871730950777419e-05,16,20000,82
29,0.997053861618042,4.76837158203125e-07,0.052541669458150864,0.00044815000728704035,1.9873639303114032e-06,0.9999995231628418,5.563161721511278e-06,1.219040535183069e-09,1.7522166672279127e-05,29,20000,78
30,0.04987826198339462,0.0,1.6457067930630842e-09,6.487153175749327e-11,5.893673049595094e-11,1.0,3.695884515764192e-05,5.1231314301958264e-08,4.633159551303834e-05,2,20000,83
31,7.127538265194744e-05,0.025621235370635986,0.00923466868698597,3.779697362915613e-05,8.039126697667598e-08,0.974378764629364,2.5553770683472976e-05,0.0008570089121349156,8.512277418049052e-06,10,20000,78
32,0.8642595410346985,0.0,0.9938132762908936,0.0016368944197893143,6.7503169702831656e-06,1.0,5.075414222233121e-08,8.023887110297778e-11,0.0006161619094200432,19,20000,85
33,0.00026621148572303355,0.0,5.10012476695465e-08,1.8043723182259441e-09,1.1249708803395819e-10,1.0,0.0005929744802415371,5.150142897036858e-05,2.6553635734671843e-07,14,20000,69
34,0.8065648078918457,0.0,0.0008681617910042405,4.436365270521492e-05,5.218963678998989e-07,1.0,1.820759365500635e-08,3.5367800137464656e-06,1.3400916031969246e-05,18,20000,68
35,0.7253786325454712,1.430511474609375e-06,0.18136732280254364,3.678691484765295e-07,0.005574805662035942,0.9999985694885254,3.287792424089275e-05,0.0002506258024368435,0.010593383572995663,0,20000,75
36,0.3558224141597748,2.849102020263672e-05,0.012647006660699844,1.4273507076723035e-05,7.835900032659993e-05,0.9999715089797974,0.015055992640554905,0.0022243584971874952,6.155258525097906e-10,24,20000,66
37,0.06736791133880615,0.0,0.02993735298514366,5.3876560741628055e-06,0.008156639523804188,1.0,0.000309961469611153,0.018595175817608833,6.649602255492937e-07,13,20000,83
38,0.006322645582258701,5.7220458984375e-06,0.1832669973373413,5.2259365475038067e-05,4.094821974831575e-07,0.9999942779541016,0.0041727470234036446,2.5391351300640963e-05,9.63832007983001e-07,10,20000,71
39,0.005821871571242809,0.0,0.9950152039527893,2.380521779699052e-09,1.0604802582747652e-06,1.0,8.66910777403973e-05,1.5488026861021353e-07,2.623607997520594e-06,9,20000,84
40,0.9430350065231323,0.0,2.7954773031524383e-05,0.00018001922580879182,0.0005395424668677151,1.0,3.609053722541944e-09,0.030129030346870422,1.9752909793169238e-05,19,20000,72
41,0.15305489301681519,0.0,0.9975074529647827,0.00042247268720529974,4.00894095946569e-05,1.0,6.41119695501402e-05,0.0003714823687914759,3.7684965263906633e-06,11,20000,61
42,0.004429201129823923,2.86102294921875e-06,0.0010529309511184692,0.00017882378597278148,0.003352193860337138,0.9999971389770508,0.0021313740871846676,9.810306664803647e-07,5.477500963024795e-06,3,20000,82
43,0.0002957936958409846,0.0,1.7242269905182184e-06,1.4873860476605216e-10,2.2202563398909803e-10,1.0,0.0002131613000528887,2.2226640794542618e-05,2.568508961076077e-09,4,20000,86
44,0.4885123670101166,0.0,0.050605658441782,7.749044073079858e-09,1.9164165809826272e-09,1.0,6.756584269851373e-08,0.001092833699658513,1.718199449385338e-08,16,20000,70
45,0.005965893156826496,3.5762786865234375e-07,3.585264857974835e-05,9.332890904545366e-09,8.26402839493312e-08,0.9999996423721313,0.00017362429935019463,5.0909330084891735e-09,1.044189616550284e-06,12,20000,77
46,0.005767766386270523,0.0,4.1799095924943686e-05,1.2374839570838958e-05,5.143721864442341e-06,1.0,0.0009550204267725348,1.414903638696785e-09,1.672535108809825e-05,16,20000,81
47,0.010343273170292377,0.0,0.10175831615924835,9.755771746000619e-10,1.9428215125572024e-07,1.0,0.0009428435005247593,2.4339835363207385e-05,0.00015758286463096738,4,20000,87
48,0.6219992637634277,0.0,0.00013694757944904268,2.22405583372165e-06,4.98621432143409e-07,1.0,0.16591481864452362,8.648855146020651e-05,0.011475946754217148,28,20000,78
49,0.01990876905620098,0.0,0.034581542015075684,2.7561993576341592e-08,3.875680576470586e-08,1.0,0.000356150179868564,3.477251766526024e-06,5.5730659198616195e-08,21,20000,63
50,0.034621138125658035,3.516674041748047e-05,3.4300832396638725e-08,1.0541646588535514e-05,2.2748787159798667e-05,0.9999648332595825,0.0020439298823475838,2.6923227778752334e-05,1.8401698567704905e-11,24,20000,64
51,0.09882897138595581,0.0,0.1332951933145523,5.686172153218649e-05,0.49391937255859375,1.0,0.0023848817218095064,3.8555823266506195e-05,0.002484732773154974,1,20000,79
52,0.7346456050872803,0.06355035305023193,0.9907763600349426,2.827894363122141e-08,1.1300374353595544e-05,0.9364496469497681,0.00014608335914090276,7.422389671773999e-07,2.893101282097632e-06,8,20000,60
53,0.39298248291015625,0.0,0.8169596791267395,8.455797797068954e-05,5.726779761516809e-08,1.0,5.9832937215897886e-12,4.5489100557460915e-06,8.354702885071674e-08,18,20000,84
54,0.009273570962250233,8.547306060791016e-05,0.9722484350204468,1.0175706499637727e-08,4.295264261600096e-06,0.9999145269393921,0.0012412164360284805,3.651332747267588e-08,2.2652091757890958e-08,9,20000,67
55,0.9766037464141846,0.0,1.6816828747323598e-06,7.699822162976488e-05,7.796246791258454e-06,1.0,9.308685548603535e-05,0.2894090414047241,1.2525340764568682e-07,23,20000,81
56,1.2908851203974336e-05,6.794929504394531e-06,0.0030733433086425066,1.454456833016593e-05,2.5755030947038904e-05,0.9999932050704956,0.010894927196204662,7.053088581926437e-13,6.341921107377857e-06,6,20000,78
57,0.8860048055648804,4.0531158447265625e-06,8.925470069698349e-07,1.4796486880186421e-07,1.4851681839900266e-07,0.9999959468841553,1.9681339836097322e-05,1.0991092494805343e-05,6.179858758059709e-08,27,20000,80
58,0.0016603015828877687,0.0,0.9918584227561951,1.6440493411096213e-08,1.228854785040312e-06,1.0,0.003936931025236845,3.1339351114212377e-09,8.952996211064601e-08,9,20000,69
59,0.23680701851844788,0.0,0.014299903064966202,0.0002746664104051888,0.001281719421967864,1.0,0.11045022308826447,4.4194780457473826e-06,0.027443232014775276,16,20000,79
60,0.04551176354289055,0.0,0.04579513892531395,7.165734814407188e-07,2.5629219635447953e-07,1.0,2.492810846632665e-09,3.858194304484641e-06,1.5112829032659647e-06,17,20000,85
61,0.536462664604187,2.7418136596679688e-06,0.2990964353084564,2.4339333322132006e-06,6.64387130200339e-07,0.9999972581863403,4.859275122726103e-06,3.2568073947913945e-05,3.5100507034258044e-07,28,20000,67
62,0.421522855758667,2.384185791015625e-07,0.003763750661164522,0.00034419697476550937,0.00030926341423764825,0.9999997615814209,0.00081854552263394,0.9942004680633545,1.24230439269013e-08,26,20000,62
63,0.006209622137248516,1.3113021850585938e-06,0.9219841361045837,9.112891774520904e-09,6.824770025559701e-06,0.9999986886978149,0.01527466531842947,1.5786199014655722e-07,2.5502564469925826e-12,14,20000,76
64,0.003320156130939722,0.0,0.9954137206077576,1.2703518450507545e-06,6.852910701127257e-06,1.0,1.8947990611195564e-05,4.5171714191383217e-07,8.317115316458512e-07,0,20000,74
65,0.7026991248130798,0.0,0.7854770421981812,3.506274595110881e-07,6.219752890501695e-08,1.0,1.4960204680392053e-05,1.164788727692212e-06,2.5098619516938925e-05,16,20000,61
66,0.0027297937776893377,0.0,4.173966226517223e-05,4.378719609121617e-09,7.46120720762633e-10,1.0,0.0038315479177981615,2.5446004656259902e-05,1.634620502954931e-06,7,20000,81
67,0.29455041885375977,0.0002880692481994629,0.6715852618217468,8.652322867419571e-05,2.812942511809524e-06,0.9997119307518005,1.1088120288604841e-07,1.4629732092430459e-08,4.194252056777259e-09,22,20000,76
68,0.9215934872627258,2.384185791015625e-07,0.9992886781692505,3.7163474644330563e-06,4.2802460598068137e-07,0.9999997615814209,2.6817085654329276e-06,1.7155235454424655e-08,2.184591223197696e-11,27,20000,76
69,0.0003570558619685471,0.0,0.998050332069397,3.504677295040892e-07,1.6582927031549843e-08,1.0,0.001324765384197235,0.0003495891287457198,2.3332866476266645e-05,7,20000,62
70,0.00451265275478363,0.0,7.658552014788711e-09,5.610460721072741e-05,0.0010171212488785386,1.0,0.0014995356323197484,8.187824333469318e-14,7.246620664647097e-11,3,20000,86
71,0.9781129360198975,0.0,4.1549387788109016e-06,1.5632009819910309e-07,3.027879074579687e-06,1.0,4.36709524365142e-06,6.708020373480394e-05,6.620010317703873e-09,20,20000,69
72,0.0011793498415499926,1.6689300537109375e-06,0.00037364003947004676,0.0018476932309567928,0.007546921260654926,0.9999983310699463,0.007046543527394533,3.3754033211153e-05,3.2324496714863926e-05,3,20000,63
73,0.06057845428586006,0.0,0.0008250942337326705,1.46135498653166e-05,4.5937959214370494e-08,1.0,4.711384008260211e-06,0.6422122120857239,8.324407274606926e-10,25,20000,66
74,0.7654427886009216,0.0,0.9964661598205566,2.039833546518821e-08,2.3200483667551453e-07,1.0,7.921602218630142e-07,5.817661019591469e-08,1.7934230527316686e-06,20,20000,70
75,0.27283623814582825,0.003402531147003174,0.2776324450969696,2.63622550846776e-05,2.9852295483578928e-05,0.9965974688529968,0.0012476976262405515,8.611434054728306e-08,4.4687972433621326e-08,26,20000,60
76,0.016736313700675964,1.1920928955078125e-06,0.0009260082733817399,7.713021477684379e-05,1.317296573688509e-05,0.9999988079071045,1.9345989699104393e-07,7.854108616811573e-07,0.00012445672473404557,17,20000,71
77,0.04561012610793114,1.1920928955078125e-07,0.000440254487330094,5.4644729630126676e-08,2.3235016133327235e-09,0.9999998807907104,2.1670241039828397e-05,7.930102796649408e-09,2.6009913667301987e-10,21,20000,72
78,0.078663170337677,0.0,0.09219562262296677,8.26830781619492e-09,8.137401152907842e-08,1.0,0.0013403906486928463,0.0014315602602437139,3.687636126414873e-05,15,20000,83
79,0.9902967810630798,0.0,0.03954542055726051,1.9148617980135896e-07,1.1273429834091075e-07,1.0,1.7478141671745107e-06,9.927452992997132e-07,2.609414728738102e-08,27,20000,69
80,0.00879593100398779,2.9921531677246094e-05,9.270072951039765e-06,2.2701344732922735e-06,5.562064416153589e-06,0.9999700784683228,6.872664926049765e-06,4.1666667129902635e-06,4.027889735880308e-05,5,20000,72
81,0.22090452909469604,2.384185791015625e-07,2.363476824029931e-06,2.590002077340614e-05,4.236373206367716e-05,0.9999997615814209,0.04880883917212486,0.5899493098258972,1.7178349021040873e-10,24,20000,72
82,0.7597747445106506,0.0,1.6978816347545944e-05,0.00010587061842670664,0.003346827579662204,1.0,4.948188689013477e-06,0.9998049139976501,0.00011344467930030078,11,20000,60
83,0.042940281331539154,0.0,5.712748052388861e-09,2.167995205581974e-07,5.228602550921835e-10,1.0,0.00019380437151994556,0.000304441899061203,0.00019422553305048496,7,20000,66
84,0.0008319664048030972,0.0,0.9678225517272949,1.4926872238252287e-10,7.40550660793815e-08,1.0,0.0002970211498904973,3.870209911838174e-05,3.9354759792331606e-05,9,20000,89
85,0.0006760403048247099,0.0,0.9887542724609375,0.0014759546611458063,0.0016098276246339083,1.0,8.541660645278171e-05,0.001078637782484293,0.0012744012055918574,0,20000,61
86,0.10020512342453003,1.9073486328125e-06,0.3723180890083313,1.2366446355827065e-07,0.002399878576397896,0.9999980926513672,0.00012627737305592746,5.886147038530742e-12,0.003149072639644146,1,20000,63
87,0.02789078652858734,0.0,0.0001387514203088358,1.5715038159669348e-08,1.1889071949156005e-08,1.0,8.344531465809268e-07,0.9929375052452087,6.453779860748909e-06,12,20000,70
88,0.90080326795578,1.1920928955078125e-07,2.788428616895544e-07,8.263977179012727e-06,5.084067424832028e-07,0.9999998807907104,2.9471275411196984e-05,1.6795572719274787e-06,8.676626066517201e-07,25,20000,64
89,0.14837323129177094,0.0,0.7645609378814697,4.4656317186309025e-06,2.651268914632965e-06,1.0,0.01356877014040947,6.352743753268442e-07,0.00016994387260638177,28,20000,82
90,0.4461742341518402,0.0,1.2875245374743827e-05,7.469100091839209e-05,1.4557439271811745e-06,1.0,0.01562834531068802,1.0569104233582038e-05,0.007133299019187689,25,20000,72
91,0.001426220522262156,0.0,0.009355535730719566,8.141833873764881e-09,3.2610989464387785e-09,1.0,0.0004250870260875672,4.372361217974685e-05,0.031481657177209854,8,20000,69
92,0.017842985689640045,0.0,6.068626845490144e-08,4.87019757855478e-10,1.10358736038485e-10,1.0,0.0002444542769808322,4.6633977035526186e-05,1.0108797132701852e-09,7,20000,83
93,0.00017022780957631767,0.0,0.002620168961584568,2.0628109268727712e-05,1.0930859689617378e-10,1.0,6.671955634374171e-05,1.3099211715328352e-09,4.0509151588707937e-11,10,20000,85
94,0.0007049562409520149,0.0,3.8998564377834555e-06,1.1747372852255467e-08,2.1997985655275443e-09,1.0,0.005198127590119839,6.417578788386891e-06,2.493153461458064e-10,14,20000,88
95,0.0535057969391346,0.0,9.46106665651314e-05,0.0016860092291608453,2.2721447749063373e-05,1.0,0.011449390091001987,3.893663915732759e-07,8.36049423469376e-07,16,20000,85
96,0.005642879754304886,0.00047850608825683594,7.874088623793796e-05,4.3038919650406626e-11,1.9111649762759697e-11,0.9995214939117432,3.0592836992582306e-05,2.323917669855291e-06,2.086639142362401e-06,2,20000,76
97,0.06250642240047455,9.298324584960938e-06,0.00032154814107343554,5.219288556901347e-09,1.0845773168455253e-09,0.999990701675415,0.001560182310640812,0.0030625055078417063,1.739103754516691e-05,7,20000,80
98,3.53172181348782e-05,0.01166766881942749,0.00035547083825804293,7.136948738661886e-07,3.5827714128799926e-09,0.9883323311805725,5.049096785114671e-07,2.145733724034926e-08,7.40695699219529e-11,10,20000,60
99,0.005717546679079533,1.0728836059570312e-06,1.4086241208133288e-05,2.186950709415214e-08,1.1749484229994778e-07,0.999998927116394,3.6729538521740324e-08,7.122914666979341e-07,5.641755862484388e-08,17,20000,76
100,0.0007175958598963916,0.0,0.0013952185399830341,1.3235271212330701e-10,3.037086207524631e-11,1.0,3.601953224574572e-08,0.024124475196003914,4.910719653139495e-08,14,20000,75
101,0.703095018863678,7.033348083496094e-06,0.933495283126831,2.32007478189189e-05,1.8867507378672599e-06,0.9999929666519165,0.00018344596901442856,1.1296125990156725e-07,3.1133733955357457e-06,16,20000,74
102,0.04360688850283623,4.76837158203125e-06,0.8967238664627075,5.8168497796273755e-11,2.94625168706375e-09,0.999995231628418,0.025771575048565865,6.710523052788631e-07,3.1877209494268754e-07,8,20000,76
103,0.5629456043243408,0.0,0.1674632877111435,0.0003509208036120981,7.423214356094832e-06,1.0,1.4518584521283628e-06,2.7246258468949236e-05,8.017534128157422e-06,29,20000,73
104,0.9846550226211548,0.0,6.044756872825019e-08,4.0406590414932e-05,4.129762601223774e-06,1.0,2.5145700419670902e-05,4.679799894802272e-05,8.016945440836309e-10,23,20000,72
105,0.0006061891326680779,0.03278970718383789,2.6647774575394578e-05,0.00041355693247169256,1.8676526991612263e-08,0.9672102928161621,0.0002528565237298608,0.9340775609016418,3.2084493284401105e-08,10,20000,66
106,0.050381336361169815,1.2874603271484375e-05,6.534455678774975e-06,1.4135124501990504e-06,2.6803004971043265e-07,0.9999871253967285,9.23180493828113e-07,1.3098656381771434e-08,5.906079968553968e-05,24,20000,78
107,0.1079113781452179,0.0,0.0037094231229275465,1.5613497339472815e-07,2.9917053325334564e-05,1.0,5.0573771659401245e-06,1.2129409299177496e-07,0.0001658357650740072,4,20000,63
108,0.9448991417884827,0.0,2.953466449184816e-08,1.1787655012085452e-06,8.615517188559352e-09,1.0,3.3914093364728615e-06,1.4868010111968033e-06,0.0503290593624115,29,20000,63
109,0.9537386298179626,0.0,1.7595491954125464e-05,2.8936954549863003e-05,2.918860388945177e-07,1.0,1.7634519622333755e-07,0.0005446007126010954,1.3935240303908358e-06,23,20000,85
110,0.2616517245769501,0.0,0.0007193925557658076,0.00020807333930861205,2.3943150608829455e-06,1.0,2.7287985631119227e-06,1.5287656651707948e-07,2.9366945000219857e-06,24,20000,85
111,1.912890002131462e-05,0.0,0.012373899109661579,1.1609247849264648e-05,8.543041829511822e-10,1.0,0.0013272524811327457,1.1446511649637614e-07,2.699651076909504e-06,10,20000,89
112,0.8094531893730164,0.0,0.9804644584655762,1.9752337721001823e-06,0.008971979841589928,1.0,1.3554334145737812e-05,7.635404699612991e-07,2.7952364689554088e-05,0,20000,72
113,0.9855205416679382,0.0,3.2047156595105264e-11,5.951821549388114e-06,7.645763275831996e-07,1.0,9.326188887825992e-08,1.5309394996165793e-07,2.6149643872486195e-06,22,20000,88
114,0.0006992528797127306,8.463859558105469e-05,0.011496352963149548,2.5227748210454592e-06,6.238331934582675e-06,0.999915361404419,7.423816441587405e-07,2.682557509459116e-10,1.836418483947e-08,5,20000,67
115,0.00937995407730341,4.9591064453125e-05,0.9959676265716553,0.0025946435052901506,0.940726637840271,0.9999504089355469,0.00040826573967933655,1.4955014648876386e-07,3.7918002959713704e-08,3,20000,65
116,0.00011764324153773487,0.0,0.007875051349401474,4.5016057015345723e-07,4.629067407169174e-10,1.0,0.0002949737827293575,0.021008320152759552,7.750566766162592e-08,10,20000,83
117,0.006394403520971537,1.1563301086425781e-05,0.008991747163236141,2.704450423607341e-07,1.3062969372867883e-08,0.9999884366989136,0.02946976199746132,3.0409852115553804e-05,2.4351507477149426e-08,4,20000,80
118,0.0030808623414486647,0.0,0.8066088557243347,4.388666354770976e-07,1.0679799089530206e-07,1.0,4.015828025671908e-08,1.432044791727094e-05,0.00016373724793083966,17,20000,81
119,0.026252079755067825,7.152557373046875e-07,0.4308502674102783,3.595490483121466e-08,1.9508708646753803e-05,0.9999992847442627,6.111267339292681e-06,3.19162126061201e-07,2.0663354007410817e-05,5,20000,74
120,0.5281221866607666,0.0,0.9499245285987854,0.0005216526333242655,7.548467237938894e-07,1.0,2.1234725409158273e-06,1.6271984648597027e-08,2.2832069589640014e-05,11,20000,62
121,0.9904001951217651,1.9073486328125e-06,0.9975838661193848,5.7451483570503115e-08,3.824345995440126e-08,0.9999980926513672,7.43646637602069e-07,2.4348811161756245e-11,0.0011253776028752327,27,20000,63
122,0.9814209938049316,0.0,3.507207338770968e-06,1.3925833819428135e-09,6.998679857872503e-09,1.0,4.579251253744587e-06,1.192132685901015e-07,0.0013026435626670718,28,20000,63
123,0.009003382176160812,0.0,0.020392799749970436,3.156450034680347e-08,3.6193625874147983e-07,1.0,8.632811659481376e-05,1.5265496244865062e-07,6.704741826979443e-05,5,20000,87
124,0.8807753324508667,3.8743019104003906e-05,0.00030848151072859764,1.725498606219844e-07,1.8219016055809334e-06,0.999961256980896,1.2804670404875651e-05,2.084635184473882e-07,3.167474815768401e-08,24,20000,60
125,0.5646910071372986,0.0,0.0076934415847063065,0.002009311690926552,0.009282825514674187,1.0,1.8816322722159384e-07,9.640948519518133e-06,2.8277256660658168e-06,19,20000,79
126,0.06973709911108017,3.814697265625e-06,0.0006746281287632883,8.84793848854315e-07,3.7091745070938487e-06,0.9999961853027344,7.783699402352795e-05,2.2188847651705146e-05,8.825165423331782e-05,5,20000,71
127,0.40509626269340515,0.0,0.0001242596481461078,1.152893787548237e-06,0.00013797564315609634,1.0,5.165356924408115e-07,5.76920001549297e-07,1.5843297784812194e-09,13,20000,88
128,0.2120412439107895,0.0,1.2341471347099287e-06,1.3168939858587692e-06,3.271077986255477e-08,1.0,2.5189994630636647e-05,1.8653458027984016e-05,0.014468396082520485,15,20000,62
129,0.5075920224189758,3.5762786865234375e-07,0.3133259117603302,5.058125651657974e-08,2.621620296849869e-06,0.9999996423721313,0.3175603747367859,9.001055150292814e-05,0.0005188413197174668,1,20000,77
130,0.517275869846344,9.5367431640625e-07,2.880813553929329e-06,9.572131887125579e-08,9.697826044430258e-07,0.9999990463256836,1.2445316599496437e-07,0.30431708693504333,5.435475713966298e-07,17,20000,87
131,0.039438363164663315,0.0,0.9555745720863342,9.830654744291678e-05,0.0045731524005532265,1.0,0.0001708056079223752,4.191217897187016e-07,1.6918711480684578e-06,13,20000,79
132,0.8217050433158875,3.075599670410156e-05,0.00016085202514659613,1.315245015121036e-07,3.317136076930183e-07,0.9999692440032959,0.0019094800809398293,0.0476386584341526,0.025497153401374817,28,20000,66
133,7.590203313156962e-05,0.0,3.759661558433436e-05,2.2184656245372025e-06,5.2757626690436155e-05,1.0,0.000617353362031281,7.410364923998713e-05,2.423731712042354e-05,8,20000,70
134,0.5868180394172668,5.125999450683594e-06,3.8368716537284797e-10,1.0270281514124235e-08,6.454941914313395e-09,0.9999948740005493,8.131713912007399e-06,0.00030760825029574335,0.00018263678066432476,27,20000,64
135,0.0026426762342453003,1.1920928955078125e-07,0.05571289360523224,4.404888841236243e-06,9.270479495171458e-06,0.9999998807907104,1.0950053365377244e-05,4.613292858834939e-08,0.08543159812688828,6,20000,77
136,0.010469942353665829,2.384185791015625e-06,2.3522190986113856e-06,6.319287422229536e-07,3.3566384445293806e-06,0.999997615814209,3.2544962778047193e-06,0.02510349079966545,1.228834571520565e-05,17,20000,60
137,0.8675208687782288,2.384185791015625e-07,0.0022620714735239744,3.787189143622527e-06,1.0262928640258906e-07,0.9999997615814209,8.783809235524132e-09,3.805377679633182e-10,0.0778789073228836,18,20000,63
138,0.14149703085422516,0.0,0.08181075006723404,3.7241388781694695e-05,0.0001121708846767433,1.0,0.00831399392336607,9.043244062922895e-05,2.973551682661224e-10,24,20000,73
139,0.758786141872406,1.1920928955078125e-07,0.6919224858283997,3.149584927086835e-06,1.8685371969695552e-06,0.9999998807907104,1.7730351828504354e-05,0.00018127512885257602,0.07916507869958878,17,20000,75
140,0.00011741986963897943,0.0,0.009064200334250927,3.330388790345751e-05,7.40537853261003e-09,1.0,0.0006363949505612254,0.015032850205898285,8.538267337598882e-08,10,20000,70
141,0.0004243456351105124,1.5020370483398438e-05,0.5264654159545898,4.310572787602496e-09,5.3798935368831735e-06,0.9999849796295166,0.0010153361363336444,0.00012597153545357287,2.3902043722046074e-06,6,20000,76
142,0.9912387132644653,0.0,0.8897363543510437,2.7496356779010966e-05,4.955946860718541e-05,1.0,0.0012257666094228625,3.9329945138888434e-05,4.398943875827399e-09,28,20000,85
143,0.9280388951301575,0.0,0.0004306257760617882,5.055925157648744e-06,1.0300936992280185e-05,1.0,4.481946547230109e-08,3.50353772660128e-08,6.501458119601011e-05,17,20000,62
144,0.3375959098339081,0.0,0.8035383224487305,4.6076980453335636e-08,1.963341844657407e-07,1.0,6.517899237223901e-06,8.022364106352597e-09,2.5537059400448925e-07,20,20000,61
145,0.1528828889131546,0.0,4.080568327680112e-09,1.8662461798157892e-07,3.4251831948495237e-06,1.0,1.4189339481163188e-07,7.202297785946499e-11,4.62584276439415e-10,17,20000,88
146,0.2154829353094101,5.817413330078125e-05,0.7742248177528381,0.058529432862997055,0.0011459573870524764,0.9999418258666992,0.0019845583010464907,0.00041148517630063,0.009177644737064838,16,20000,75
147,0.030140897259116173,0.0,0.0020576566457748413,1.0296513863750079e-07,3.2216922463135234e-09,1.0,2.6015784897026606e-05,0.001784774474799633,5.543345196201699e-07,6,20000,68
148,0.010398073121905327,7.152557373046875e-07,0.563863217830658,2.0876331774388746e-09,3.2090628820924394e-08,0.9999992847442627,0.024657370522618294,3.975770141551038e-06,8.784007513895631e-05,8,20000,78
149,0.2878977954387665,0.0009633302688598633,0.07093586027622223,5.049482751928736e-07,0.00019230418547522277,0.9990366697311401,0.000707699975464493,1.42927287782868e-08,1.3156866316421656e-06,4,20000,67
150,0.007265519816428423,0.0,0.13649994134902954,0.0006661669467575848,0.8185222148895264,1.0,0.017232445999979973,0.013816830702126026,3.607485723478021e-06,1,20000,85
151,0.559205949306488,0.0,0.9312347173690796,2.352536284888629e-06,0.00026482707471586764,1.0,1.0509641015232773e-06,1.9052446731393502e-08,1.3912587348841043e-07,13,20000,61
152,0.01912207342684269,0.0,0.07665805518627167,1.601093231329287e-06,3.001365257659927e-06,1.0,2.2104182789917104e-05,8.522119605913758e-05,2.256167135783471e-05,12,20000,89
153,0.005840990226715803,0.0,6.340865752463287e-07,3.3030558288515977e-09,1.3684974646821502e-06,1.0,0.002833740320056677,4.474684942579188e-07,2.0204036843551876e-07,9,20000,68
154,0.0386161170899868,2.2292137145996094e-05,0.0011563856387510896,2.8714291602227604e-06,1.1617201778335584e-07,0.999977707862854,5.858382428414188e-05,3.048745966793831e-08,3.505836593253875e-11,24,20000,76
155,0.11457981914281845,0.0,4.797700239578262e-05,0.014035777188837528,0.00011063711281167343,1.0,5.089475507702446e-06,2.233757179226359e-08,3.068730620725546e-06,24,20000,87
156,0.9392159581184387,0.0,0.06211595609784126,2.522997810672223e-08,1.1687262002624266e-07,1.0,1.60463823704049e-05,0.0016280347481369972,1.7848304167955575e-08,20,20000,73
157,0.17873500287532806,0.0,0.09612049907445908,0.0007003418286330998,4.445840659172973e-06,1.0,1.5901345022939495e-06,1.4338912478706334e-05,6.5141030063387e-05,22,20000,83
158,0.9578425288200378,2.384185791015625e-07,2.8212496090418426e-06,0.02307039313018322,0.009427443146705627,0.9999997615814209,5.65887425807432e-09,4.364945198176429e-05,9.009208588395268e-05,19,20000,64
159,0.0010119916405528784,0.0,0.0006343844579532743,1.044320896426143e-08,6.256547724348138e-09,1.0,0.004299784544855356,1.9888935298695287e-07,1.3815517618809281e-08,14,20000,81
160,0.8855935335159302,6.556510925292969e-06,0.9983466863632202,7.234109216369689e-05,4.2907100805678056e-07,0.9999934434890747,7.141558853618335e-06,0.00043720664689317346,0.049897659569978714,22,20000,80
161,0.07826761901378632,8.344650268554688e-07,0.9276831150054932,0.00027488620253279805,1.0875550771061171e-07,0.9999991655349731,0.001188618247397244,0.00881933607161045,0.00024905370082706213,22,20000,84
162,0.0654635801911354,0.00027889013290405273,0.98459792137146,0.00013858643069397658,9.188130256632121e-09,0.999721109867096,8.88938927801064e-07,8.630186698610487e-07,1.4153901872759889e-07,10,20000,64
163,0.41069677472114563,0.0,0.00027445494197309017,1.4286987379819038e-06,1.1138899935758673e-05,1.0,0.00850845780223608,2.1210050817899173e-06,0.0005034460918977857,16,20000,83
164,1.7206944903591648e-05,0.0,0.001579682226292789,0.00205075740814209,1.1056773701056954e-06,1.0,0.003913010470569134,0.020172474905848503,0.00012081366730853915,6,20000,69
165,0.6496433615684509,0.0,3.8990609141364985e-07,0.0003182135696988553,0.00017503769777249545,1.0,0.001477463054470718,6.267798653425416e-07,6.621870625167503e-07,25,20000,73
166,0.9640488624572754,1.1920928955078125e-07,0.2874954640865326,3.727116837382027e-09,4.5226936862263756e-08,0.9999998807907104,3.705144422383455e-07,0.0011679509188979864,3.540817361535886e-10,20,20000,79
167,0.8602470755577087,5.960464477539062e-07,3.0743194101567894e-10,2.9595936368309594e-08,8.65674909533709e-09,0.9999994039535522,3.95989800949792e-08,1.2894358292214747e-07,0.00045861335820518434,11,20000,66
168,0.00016546345432288945,0.0,0.00437141302973032,9.535967546980828e-05,7.018301051431308e-09,1.0,0.0010214286157861352,8.815462804179219e-10,4.409641860547708e-06,10,20000,77
169,0.8725875616073608,0.0,0.9983161687850952,1.7960834597374742e-08,4.207024062452547e-07,1.0,6.86107887304388e-05,2.1133964023256624e-10,1.1143612699271443e-09,20,20000,67
170,0.002597609767690301,0.0,0.6991497278213501,0.00014591154467780143,0.012450288981199265,1.0,1.2272772437427193e-05,0.25913381576538086,4.120959573583605e-09,0,20000,62
171,0.004564652219414711,0.0,0.2567045986652374,7.165576465517631e-10,9.56065782098392e-11,1.0,7.961388473631814e-05,1.3297420942137705e-08,9.42584899021881e-12,2,20000,61
172,0.6313756108283997,0.0,2.5412216473341687e-06,0.00014650897355750203,1.2247638778717373e-06,1.0,1.2510146518707188e-07,0.00127663544844836,1.0818247631050326e-08,18,20000,77
173,0.11196380853652954,0.0,0.00039529227069579065,1.3216919114711345e-07,2.1291293705871794e-06,1.0,1.176263921820464e-07,1.054884291029623e-09,1.248561005695592e-07,13,20000,87
174,0.03470081463456154,0.0,1.6802350444322656e-07,4.874364094575867e-05,6.357422080327524e-06,1.0,1.3481962923833635e-05,3.2157913665287197e-08,4.2234273855967785e-09,11,20000,67
175,0.035730451345443726,8.094310760498047e-05,2.2734062440576963e-05,3.01501068555865e-09,1.0037440034693645e-07,0.999919056892395,0.002164467005059123,1.87904921657156e-12,1.4593806163532008e-09,8,20000,67
176,0.005964294075965881,0.0,0.0006797993555665016,2.7179428485624157e-08,1.2510299711721018e-06,1.0,0.0020523795392364264,0.00029872372397221625,0.0001954348845174536,8,20000,81
177,0.0005120737478137016,0.0,1.1440635717008263e-05,6.278709774321101e-10,3.6523957192002854e-08,1.0,0.0007175266509875655,0.00016293773660436273,1.3782807855022838e-06,9,20000,88
178,0.004550878424197435,6.008148193359375e-05,0.9967633485794067,1.4219824429062555e-08,4.5255936242938333e-07,0.9999399185180664,1.7565194866620004e-05,6.607720592910482e-09,1.8968584480916206e-09,4,20000,60
179,0.02848926931619644,4.76837158203125e-06,0.9271134734153748,3.302135809235551e-08,9.039705162194878e-08,0.999995231628418,0.00020861218217760324,8.636500403724767e-10,4.054769367489719e-11,21,20000,67
180,0.09878694266080856,0.00012242794036865234,0.9834880232810974,1.8734003237597108e-09,7.627421264033707e-12,0.9998775720596313,0.04520919546484947,6.524876425828552e-06,4.253428897982303e-08,4,20000,74
181,0.018865594640374184,0.0,0.008536339737474918,3.943355011415406e-07,1.9514433802214626e-07,1.0,0.0001083745009964332,2.978352675597762e-08,4.034253834106494e-06,6,20000,64
182,0.8127768039703369,0.0,0.6366815567016602,7.572081699436239e-07,1.3422319398159743e-06,1.0,0.0003172939468640834,0.00015631064889021218,0.0012681357329711318,15,20000,61
183,0.004188087768852711,0.0,9.333642810815945e-05,4.738041388918646e-05,5.489433192451543e-07,1.0,0.00011322635691612959,8.248977974290028e-05,0.00016697554383426905,1,20000,66
184,0.0006664386601187289,0.0001176595687866211,0.0015201293863356113,0.00014607310004066676,1.7502377147593506e-07,0.9998823404312134,0.0038744076155126095,1.908084186652559e-06,2.341676657267866e-13,10,20000,65
185,0.10672662407159805,0.0,0.1287485659122467,1.4979798734771066e-08,6.1552936081454845e-09,1.0,0.0001951323210960254,0.019458822906017303,6.79295231176269e-10,25,20000,84
186,0.915115237236023,0.0,4.6518920271410025e-08,0.0002668430097401142,1.3338563803699799e-05,1.0,8.635980819349243e-10,2.8174619728815742e-05,7.632388019374048e-07,18,20000,72
187,0.30634748935699463,2.5510787963867188e-05,2.69939079089454e-07,6.867865158710629e-05,0.0001101150264730677,0.9999744892120361,3.08683041794211e-07,0.0032767935190349817,6.401076007023221e-06,17,20000,64
188,0.08735110610723495,0.0,0.9893484115600586,4.0218020558313583e-07,4.566956704366021e-05,1.0,0.00015730068844277412,1.3504434015487732e-08,2.15091731092798e-07,13,20000,89
189,0.020008467137813568,0.0,3.9743816159898415e-05,4.246738782853754e-08,1.9893203528908998e-08,1.0,0.00024828786263242364,0.0005234896671026945,2.1099995137774386e-05,4,20000,85
190,0.00629823375493288,0.0,0.8633080720901489,1.4925699076684396e-07,3.397965701879002e-05,1.0,1.5656655705242883e-07,5.2473574214673135e-06,0.005088216625154018,1,20000,70
191,0.02415481209754944,0.0,4.426306622917764e-05,3.317898347177106e-07,8.699921894006479e-10,1.0,0.008470232598483562,7.292051122931298e-06,5.018870297135436e-07,15,20000,85
192,0.7216452360153198,0.0,0.9983751773834229,6.60144053199474e-07,5.58443140619147e-08,1.0,4.276371328160167e-05,1.7707894178764505e-11,2.774148244455432e-09,27,20000,89
193,0.011619960889220238,5.602836608886719e-06,0.9999428987503052,9.385693999774958e-08,7.017187186875162e-08,0.9999943971633911,0.000153368862811476,2.3671653526236014e-10,8.385421097045764e-06,14,20000,65
194,0.006589136086404324,0.0,2.4285901645271224e-07,1.1604941008158676e-08,1.9282768437545172e-10,1.0,3.768479928112356e-08,2.9824324883520603e-05,0.0002402959653409198,12,20000,69
195,0.7658388018608093,0.0,0.1800234615802765,1.769027591080885e-07,1.6147936548804864e-05,1.0,5.275780949887121e-06,1.454057674266096e-08,1.6981996964204882e-07,16,20000,60
196,0.0007237348472699523,1.1920928955078125e-07,0.028091594576835632,1.262684712344253e-08,2.638760143724994e-08,0.9999998807907104,1.5576953956042416e-05,4.157779454061483e-09,0.0010741371661424637,9,20000,63
197,0.10883138328790665,0.0,0.025417780503630638,8.086976643895127e-10,2.3401107440701452e-11,1.0,0.11147573590278625,4.886618754085248e-08,2.5730745619512163e-05,25,20000,61
198,0.9969941973686218,0.0,0.0001487850968260318,1.3704478760701022e-06,8.998634615231538e-10,1.0,1.0087792823298969e-08,1.053879714163486e-06,4.0943203316601284e-07,18,20000,76
199,2.9275994165800512e-05,0.0,1.8901085923062055e-06,9.292878466737875e-09,3.750106336575243e-10,1.0,0.001604739692993462,2.83973857762021e-08,3.5075722735200543e-06,11,20000,81
200,0.3038006126880646,4.0531158447265625e-06,1.1798677945762392e-07,2.541023377489182e-06,0.00010467691026860848,0.9999959468841553,0.11960673332214355,0.00035672291414812207,1.8527742895457777e-07,24,20000,63
201,7.677006215089932e-05,0.0,0.22201555967330933,7.309234462127279e-08,5.3448868442274033e-08,1.0,6.664063789685315e-08,0.0003355787484906614,1.5101639405656897e-07,13,20000,65
202,0.005317229311913252,0.0,0.04415445029735565,0.00010891622514463961,4.4133736309959204e-07,1.0,6.782603350075078e-07,1.130012606154196e-06,2.659837434748624e-07,5,20000,84
203,0.5193939805030823,1.1920928955078125e-07,0.00042387237772345543,1.8434506898756808e-07,1.103889744058506e-07,0.9999998807907104,1.16638581459938e-07,2.181302249937289e-08,6.098168887547217e-05,22,20000,63
204,0.001546667655929923,0.0,0.05639871954917908,2.862315662266468e-10,2.6701012956209524e-08,1.0,3.1256116926670074e-05,4.982252903573681e-07,3.87822074117139e-05,9,20000,79
205,0.996976375579834,0.0,0.0053801764734089375,4.000330591225065e-06,3.079656085702709e-09,1.0,5.962019145044906e-07,8.132566335916636e-07,0.000430535088526085,29,20000,85
206,0.09107041358947754,1.1920928955078125e-07,0.002209790050983429,0.0014970109332352877,0.1353551298379898,0.9999998807907104,6.416532727371305e-08,7.94193226738571e-08,3.492418500172789e-06,13,20000,67
207,0.000536422070581466,1.1920928955078125e-07,0.5686025023460388,2.0551127466461594e-09,5.636461963831607e-08,0.9999998807907104,0.0010145135456696153,1.2364099575279397e-06,4.5503187720896676e-05,9,20000,82
208,0.0004019459302071482,8.106231689453125e-06,0.8642807602882385,1.0430675212447227e-09,6.581981892850308e-08,0.9999918937683105,5.837017852172721e-06,1.3108084496310513e-12,1.4244100384530611e-05,8,20000,77
209,0.9902709126472473,0.0,4.716519470093772e-05,2.695581429179583e-07,2.3558429802506e-06,1.0,0.00036205557989887893,0.007192100863903761,0.00011718335736077279,28,20000,72
210,0.024967245757579803,1.0728836059570312e-06,0.8738154172897339,0.00012652772420551628,0.0001297600829275325,0.999998927116394,2.8484573704190552e-06,0.00044141156831756234,6.942645541130332e-06,21,20000,78
211,0.20605428516864777,4.76837158203125e-07,0.988037109375,6.18373160250485e-05,5.4744040411947026e-09,0.9999995231628418,4.086869065389465e-09,0.00020554906222969294,5.679265200342343e-07,18,20000,74
212,0.018677372485399246,6.794929504394531e-06,0.9415468573570251,3.3017406053659215e-07,8.222162932725041e-07,0.9999932050704956,0.00046336979721672833,1.0296982111412945e-07,2.0552791468730902e-08,15,20000,77
213,0.009088423103094101,0.0,0.20913532376289368,0.0002407222636975348,3.1532122193311807e-06,1.0,0.12335699051618576,1.751281897277579e-10,1.9224374625537166e-07,16,20000,87
214,0.12777593731880188,1.1920928955078125e-07,2.6410612008476164e-06,1.9059223632211797e-05,2.0467376771193813e-07,0.9999998807907104,2.5078814360313118e-05,0.8648635149002075,3.042615759341061e-08,25,20000,80
215,0.5434817671775818,1.0251998901367188e-05,0.8657858967781067,3.609044142649509e-06,0.00028729328187182546,0.9999897480010986,6.434820534195751e-05,3.061792449443601e-05,2.3591118392118915e-08,17,20000,67
216,0.00012566489749588072,4.601478576660156e-05,0.09148798882961273,0.00020705956558231264,1.2766556210408453e-05,0.9999539852142334,3.062190080527216e-05,7.618887565286059e-08,1.274690748687135e-05,21,20000,80
217,0.9900424480438232,1.3113021850585938e-06,0.8837323188781738,9.834759140403548e-08,5.418978616944514e-07,0.9999986886978149,4.997116320737405e-06,8.430118214164395e-06,1.2387956758175278e-06,27,20000,71
218,9.125733777182177e-05,6.496906280517578e-05,0.9147368669509888,0.0004376038268674165,1.8068897489342817e-08,0.9999350309371948,0.0002751931024249643,2.3130680347094312e-05,1.506212576884991e-08,10,20000,74
219,0.0004235166416037828,0.0,0.7472824454307556,4.658333637053147e-05,5.094261679161605e-10,1.0,2.908580654548132e-06,3.744428767049612e-09,3.7213088166510033e-10,10,20000,84
220,0.010103637352585793,0.0,6.99802797043958e-07,0.0017353914445266128,0.022789884358644485,1.0,0.001046565012075007,2.037829744949704e-06,5.251836410025135e-05,3,20000,88
221,6.129252869868651e-05,7.152557373046875e-06,0.8925270438194275,1.6997139806740336e-10,3.1641393064690826e-12,0.999992847442627,2.885577305278275e-05,5.851865694239677e-07,3.685865124225529e-08,14,20000,82
222,0.5444386005401611,0.0,0.03401854261755943,2.7511697808790814e-08,3.017665039806161e-05,1.0,0.00011162112059537321,3.977972173885291e-09,8.09353029040949e-09,0,20000,89
223,0.02896805666387081,1.704692840576172e-05,0.28976061940193176,3.194610798118447e-08,2.6899897864751665e-09,0.9999829530715942,0.0007869572145864367,0.0010424992069602013,2.2071772187715055e-10,2,20000,75
224,0.020549418404698372,0.00017374753952026367,0.003173970617353916,5.800261604349544e-09,1.177746042912986e-07,0.9998262524604797,0.006500677205622196,7.018854120133255e-08,0.0028195034246891737,8,20000,80
225,0.0031530712731182575,2.384185791015625e-07,0.06351659446954727,8.031335710256826e-06,0.00013966769620310515,0.9999997615814209,0.00026231209631077945,5.362440788303502e-05,5.56401687390462e-07,8,20000,65
226,0.0020509122405201197,0.0,0.20444250106811523,0.00792830903083086,0.0046562268398702145,1.0,0.001739284722134471,8.393555617658421e-05,2.4863373255357146e-05,6,20000,63
227,0.03382718935608864,0.0,0.08733014762401581,0.0066460357047617435,0.07220086455345154,1.0,0.0015419109258800745,5.847080956300488e-06,1.1407479178160429e-05,3,20000,62
228,0.00014653299876954406,0.0,0.001158307888545096,1.6399706055381102e-06,5.3610386963054424e-11,1.0,0.002065284177660942,1.9159790554112988e-07,5.231878503764165e-07,10,20000,88
229,0.17604047060012817,0.0,1.259663928721011e-08,4.837311280425638e-05,7.942460342746926e-07,1.0,2.0851892656992277e-07,0.0006539068999700248,1.1677733482429176e-06,21,20000,88
230,0.7010370492935181,0.0,0.010744853876531124,2.243196028928196e-08,4.738917258606534e-09,1.0,0.00048287276877090335,0.0014582546427845955,2.149641176174555e-08,11,20000,88
231,0.007787840440869331,0.0,1.015996886621906e-07,1.1770590058191033e-09,1.5566570255032275e-06,1.0,0.0004211183113511652,3.622520807766705e-06,4.781886175919681e-08,9,20000,72
232,0.9841892719268799,0.0,0.9998601675033569,5.74792551333303e-08,6.512141936809712e-08,1.0,1.804958856155281e-06,4.8736652047409734e-08,7.122121132852044e-07,27,20000,68
233,5.404976400313899e-05,2.384185791015625e-07,5.5608667025808245e-05,3.445271431701258e-05,0.00034071115078404546,0.9999997615814209,2.1169582396396436e-05,2.5519493647152558e-05,1.0042643225460779e-05,6,20000,75
234,0.9886612296104431,0.0,6.73094327794388e-05,7.272673246916384e-05,1.373610575683415e-05,1.0,0.0003056299756281078,2.50004973167961e-06,8.060547997956746e-07,23,20000,71
235,0.9392162561416626,0.0,0.9970765113830566,1.3231967841420555e-06,4.469655323191546e-06,1.0,1.9434416742569738e-08,3.351134125750832e-08,4.1083060864366416e-07,20,20000,62
236,0.8088492751121521,6.079673767089844e-06,1.799892015696969e-05,1.9575738363641904e-08,5.647256671181822e-07,0.9999939203262329,5.501963460119441e-05,1.3305604618096822e-08,7.259645107282608e-10,20,20000,78
237,0.07006052136421204,0.0,0.06982892751693726,2.5708144946179345e-08,6.276416684158903e-07,1.0,0.020931275561451912,3.930312075794973e-08,1.0363368496690839e-10,14,20000,63
238,0.03320427983999252,0.0,0.6019147634506226,4.3027455376432044e-07,7.157011339131714e-08,1.0,7.910911676844989e-07,0.0001628357858862728,3.937307724299899e-08,5,20000,61
239,0.6166107654571533,0.0,0.0582958459854126,0.02380591817200184,0.00033731100847944617,1.0,6.258776011236478e-06,6.945040098571553e-10,5.237999721430242e-05,25,20000,71
240,0.5432032346725464,3.0994415283203125e-06,0.9481674432754517,0.002410197164863348,0.007025289814919233,0.9999969005584717,9.833981806650627e-08,6.757626920261828e-07,0.016102956607937813,19,20000,80
241,0.0022343951277434826,7.748603820800781e-06,0.9889811277389526,1.2058994913743959e-09,3.6274894199550545e-09,0.9999922513961792,0.98748779296875,5.729287266831307e-09,7.545052582713652e-09,1,20000,76
242,0.6812921762466431,0.0,0.0009885987965390086,1.886918084892386e-06,1.2746776519634295e-05,1.0,4.481814903556369e-05,1.3911951555201085e-06,0.0007806498324498534,4,20000,62
243,0.9486319422721863,1.1920928955078125e-07,0.00026867352426052094,1.1694155546138063e-06,1.812852474358806e-06,0.9999998807907104,1.1288173027423909e-06,2.760222628239717e-07,1.1620137361015304e-12,27,20000,73
244,0.536056399345398,3.0994415283203125e-06,0.009089190512895584,1.6698525087122107e-06,1.5808201396794175e-06,0.9999969005584717,0.00020422811212483793,0.06536532938480377,7.067684038020161e-08,27,20000,65
245,0.022529082372784615,1.1920928955078125e-07,0.6523109078407288,9.111292456509545e-05,6.390637736330973e-06,0.9999998807907104,0.4848140776157379,0.00014278247545007616,0.00031792683876119554,15,20000,82
246,0.9969590902328491,1.9431114196777344e-05,0.013574400916695595,1.09111979327281e-05,1.5108571460586973e-06,0.9999805688858032,2.1501462470041588e-05,1.8034634763353097e-07,2.343483629374532e-07,28,20000,76
247,0.006105838343501091,0.0,0.00888946931809187,7.701548732086394e-09,2.515199437613802e-10,1.0,0.004923809785395861,0.00012241931108292192,9.825514553085668e-07,11,20000,86
248,0.024475276470184326,3.6954879760742188e-06,0.018612205982208252,3.513438855407003e-07,4.110943336854689e-07,0.9999963045120239,1.2241941476531792e-05,1.7447608513521118e-07,1.6755936644696073e-13,21,20000,65
249,0.24442876875400543,4.649162292480469e-06,3.537776865414344e-05,9.86871964414604e-06,6.643382948823273e-05,0.9999953508377075,0.0449068509042263,0.10952907800674438,1.8828666403791772e-10,24,20000,65
250,0.0019317039987072349,1.3947486877441406e-05,0.059717919677495956,0.0002450568717904389,0.008815314620733261,0.9999860525131226,0.0016206919681280851,1.635742705730081e-07,3.615362584241666e-05,3,20000,72
251,0.6775574088096619,1.1920928955078125e-07,0.9984934329986572,1.2212095725772087e-06,5.073025022284128e-07,0.9999998807907104,0.00024991153622977436,9.002414813608084e-09,0.008952117525041103,27,20000,61
252,0.3099151849746704,1.430511474609375e-06,8.19225363102305e-08,3.4535467818841425e-09,4.898394578845e-09,0.9999985694885254,5.46696683159098e-05,3.658104560599895e-06,5.718426905332308e-07,8,20000,64
253,0.004819426219910383,0.0,0.01868441328406334,0.00025266935699619353,0.003170117735862732,1.0,0.031226400285959244,4.238585177285259e-12,3.964206030104833e-08,3,20000,87
254,0.0005653300904668868,0.0,3.8337047953973524e-06,7.044675385259325e-07,1.7372604743659537e-10,1.0,0.0002869759046006948,0.0028772279620170593,7.349160296143964e-05,10,20000,82
255,0.38360458612442017,0.0,4.151914254180156e-06,1.2882228617172586e-09,1.9535669082415552e-08,1.0,0.0014902361435815692,1.945478622644714e-08,2.4842243874445558e-05,4,20000,89
256,0.350269079208374,0.0,0.9921984076499939,5.693876232726325e-07,0.000491452170535922,1.0,7.851332384234411e-07,1.0596166999388146e-10,1.955101288331207e-05,13,20000,77
257,0.04414135962724686,1.9431114196777344e-05,0.07287903130054474,8.299066394101828e-05,0.0007119775400497019,0.9999805688858032,5.641499569719599e-07,2.595995738374768e-06,0.005703574512153864,26,20000,78
258,0.047582950443029404,3.5762786865234375e-07,0.9284966588020325,0.0002463393902871758,0.0006096833967603743,0.9999996423721313,0.0001454325974918902,5.2074398126933374e-09,6.967628723941743e-05,26,20000,68
259,0.08686938881874084,0.0,0.06515916436910629,1.1780520253523719e-05,3.0764056191401323e-06,1.0,0.0011021469254046679,0.00029742924380116165,1.804003701977308e-08,26,20000,85
260,0.07525142282247543,0.0,0.00016278667317237705,6.185663647961803e-10,1.6217244214189463e-09,1.0,1.1461315807537176e-05,0.013557512313127518,3.974989795096917e-07,7,20000,82
261,0.9145875573158264,0.0,0.9990577101707458,8.766945569504969e-08,7.214015909084992e-07,1.0,6.011712230247213e-07,7.278431635171501e-09,7.469682117289267e-08,20,20000,74
262,0.18669065833091736,1.1920928955078125e-07,0.7673699855804443,5.440595487016253e-06,0.0004176716902293265,0.9999998807907104,0.00010872965503949672,0.00037853725370950997,6.345255678752437e-05,0,20000,71
263,0.004281756933778524,4.565715789794922e-05,0.5689876079559326,9.810188572600964e-08,4.196181457860604e-10,0.999954342842102,0.2279958724975586,0.019367756322026253,0.001092391787096858,15,20000,74
264,0.6770909428596497,0.0,0.7320879697799683,5.262420472718077e-06,0.00024276450858451426,1.0,1.5856093327215603e-08,1.391358850355573e-08,3.2871841540327296e-05,19,20000,89
265,3.352902058395557e-05,0.0,0.0002756823960226029,9.044071020980482e-07,4.367856298870265e-09,1.0,0.0001156282305601053,0.0033351355232298374,9.413113730261102e-06,0,20000,81
266,0.020967809483408928,2.384185791015625e-07,7.4945737651432864e-06,3.6066692700842395e-05,1.1788392839662265e-07,0.9999997615814209,4.531736067292513e-06,0.00030134155531413853,7.933065759857527e-09,22,20000,77
267,0.022061286494135857,0.0,0.08504366874694824,1.1514227793441023e-08,2.0760019481258496e-08,1.0,8.209902443923056e-05,9.295865055491959e-08,8.075241170191205e-11,21,20000,70
268,0.0023268465884029865,0.0,0.9235703945159912,2.9661981204576193e-11,1.0640012204632399e-09,1.0,3.343658318044618e-05,2.4834668010953465e-07,1.9289565500457684e-08,9,20000,85
269,0.9993310570716858,0.0,0.04182394593954086,1.56110072566662e-05,1.3690039324387726e-08,1.0,2.19844366711186e-07,3.839285778184376e-09,1.3670210137206595e-06,29,20000,83
270,0.0034751652274280787,1.1920928955078125e-07,3.375032974872738e-06,8.236636261926833e-09,4.980772239093767e-09,0.9999998807907104,1.8955579434987158e-05,2.07329957646607e-08,8.112204796795197e-10,6,20000,60
271,0.007000410463660955,0.0,0.9999725818634033,2.3169459382188506e-06,1.8339285645652126e-08,1.0,1.2082305147487205e-05,7.744646070284578e-12,4.156189348236694e-08,21,20000,82
272,0.0007240924169309437,0.0,0.4719991087913513,4.919681373394269e-08,3.570454154555591e-08,1.0,5.69405210626428e-06,1.1121302101457786e-08,7.749068231532874e-07,5,20000,62
273,0.2500404119491577,5.7220458984375e-06,1.1370002539479174e-06,3.626655234256759e-05,7.354477565968409e-05,0.9999942779541016,0.00023357401369139552,0.26372984051704407,9.92878558463417e-05,26,20000,63
274,0.6064611673355103,0.0,0.9040861129760742,1.5755645108583849e-06,0.003634967841207981,1.0,2.709836053327308e-06,3.7916084161260244e-10,7.197362492661341e-07,13,20000,60
275,0.006013739854097366,2.384185791015625e-06,0.24141757190227509,1.0791159184009302e-06,1.1196970035598497e-06,0.999997615814209,1.2835986126447096e-05,4.34842717389472e-10,1.08861533121285e-08,6,20000,65
276,0.061884377151727676,0.0,9.686227713245898e-07,2.245047348026219e-08,7.0375105742925825e-09,1.0,1.0195072718488518e-05,0.2013191431760788,0.005871448665857315,11,20000,83
277,0.4881376326084137,0.0,1.0156261254223864e-07,1.262018489711636e-09,1.3539960264097317e-09,1.0,9.896553819999099e-05,0.039968736469745636,1.3399378273604157e-09,4,20000,88
278,0.0020853597670793533,2.5510787963867188e-05,0.0026328808162361383,5.76828407261587e-09,3.183055952149516e-08,0.9999744892120361,4.5900225813966244e-05,4.1464460309725837e-07,3.2292463147953754e-10,9,20000,65
279,0.5184959173202515,0.0,2.424053309368901e-05,7.754013040539576e-07,8.065989823080599e-05,1.0,6.798714480282797e-08,7.564675448545888e-12,1.3691685126104858e-05,13,20000,68
280,0.5979617834091187,1.1920928955078125e-07,5.073779175290838e-05,8.14172290120041e-06,1.5017027408248396e-06,0.9999998807907104,0.00037378616980277,1.2232045492055477e-06,0.0003188426198903471,7,20000,71
281,0.9035030007362366,0.0,0.8439887166023254,0.0006106453947722912,2.8161790396552533e-05,1.0,0.32555660605430603,1.5757198212895673e-08,0.0012232091976329684,16,20000,89
282,6.0821770603070036e-05,5.364418029785156e-06,2.4153091970902096e-08,2.3813461211830145e-06,1.964239215723751e-09,0.9999946355819702,0.00020023804972879589,1.5902928396371863e-07,1.6572146432913826e-11,10,20000,63
283,0.0006149967084638774,0.0,0.011451608501374722,2.2925208043034218e-07,5.2230777924933136e-08,1.0,0.000280429347185418,6.093514457461424e-07,5.7795286778627997e-08,7,20000,89
284,0.8992032408714294,0.0,0.10280628502368927,8.403774700127542e-06,1.6851535633577441e-07,1.0,3.2704253527526816e-08,1.0355088314595307e-10,3.270496381446719e-05,29,20000,74
285,0.0026558854151517153,0.0,0.036086101084947586,0.0001184233115054667,1.0598613698675763e-05,1.0,0.030377261340618134,3.413787308392813e-10,9.5877089734131e-07,6,20000,73
286,0.026833703741431236,1.0728836059570312e-06,0.6483895182609558,6.267580943131179e-07,9.098969826482062e-07,0.999998927116394,5.522124047274701e-05,6.925835549509429e-08,3.129773062937602e-07,26,20000,84
287,0.002638669218868017,0.0,1.0711792128859088e-05,3.420702341827564e-05,8.830838282847253e-09,1.0,0.001105824951082468,0.002500128233805299,8.87805828853061e-09,25,20000,82
288,0.36383140087127686,3.5762786865234375e-07,0.21860884130001068,0.00022134666505735368,8.937669008446392e-06,0.9999996423721313,1.780269514028987e-07,6.239489636072904e-08,1.4757274513499397e-08,22,20000,67
289,0.0023031376767903566,0.0,2.0612555999832693e-06,4.332080152380513e-06,7.261983228090685e-07,1.0,0.00030265154782682657,0.023014890030026436,1.8154274812332005e-06,15,20000,72
290,0.0005388399586081505,0.0,8.460076528216121e-10,9.35266442070315e-08,9.296077796427937e-10,1.0,0.00907064788043499,0.0018245175015181303,9.304904580176299e-08,15,20000,86
291,0.000952241534832865,0.0,9.435732408746844e-07,0.023053422570228577,0.9403374195098877,1.0,0.04527967795729637,5.608558058156632e-05,2.3835178808440105e-07,1,20000,87
292,0.0012948843650519848,0.0,0.04596136510372162,3.353109789827613e-09,1.0325590693582853e-07,1.0,0.0007445624214597046,0.00024967739591374993,3.3255228117923252e-06,9,20000,81
293,0.0033208003733307123,0.0,0.0019392137182876468,6.491783466344714e-08,2.244642027804389e-09,1.0,9.291714377468452e-05,5.680471204527748e-09,0.0035795283038169146,5,20000,89
294,0.002653183415532112,0.0,4.367209839983843e-06,1.1658482179655039e-07,3.2002041905343503e-08,1.0,2.189200358770904e-06,4.6021124688877535e-08,4.382041396411296e-09,12,20000,86
295,0.05426466837525368,3.5762786865234375e-06,5.276684191812819e-07,1.8388123246282362e-09,2.822290401383043e-09,0.9999964237213135,0.00045044856960885227,8.739424083614722e-05,1.598237560074267e-07,4,20000,79
296,0.018100017681717873,3.5762786865234375e-07,0.00010781922901514918,8.393044117838144e-05,5.080732989881653e-07,0.9999996423721313,3.474249297141796e-07,2.4763092369539663e-05,6.882668094476685e-05,22,20000,78
297,0.0017740705516189337,1.5616416931152344e-05,0.5814639925956726,1.722306933515938e-06,3.032898518995353e-07,0.9999843835830688,5.433521891973214e-06,3.021980774065014e-06,9.517559374216944e-05,17,20000,80
298,0.6135780811309814,0.0,0.022313108667731285,6.43437888356857e-05,1.655899609431799e-06,1.0,1.611638072063215e-05,0.9333885908126831,0.19503799080848694,16,20000,62
299,0.10173820704221725,0.0,0.2920776903629303,4.782828000315931e-06,8.366439942619763e-06,1.0,5.001485624234192e-05,1.3363891326889643e-08,5.291832749776404e-09,26,20000,77
300,0.5603587627410889,0.0,1.611631245124201e-10,2.732551729422994e-05,0.00015171598352026194,1.0,1.786619492349928e-07,0.0035565823782235384,0.004518013447523117,19,20000,86
301,0.0011712436098605394,0.0,3.408324482734315e-05,2.199700901428514e-07,2.530571863168518e-10,1.0,2.463313467160333e-05,0.0009683673270046711,2.779758823123757e-08,21,20000,83
302,0.003226296044886112,0.0,6.346999725792557e-05,2.7025682811654406e-06,1.190793436078863e-10,1.0,9.74630438577151e-07,1.3505105016520247e-05,7.49365298702287e-08,21,20000,89
303,0.0015867372276261449,5.960464477539062e-07,0.0008709082612767816,1.7630227833187462e-10,2.6768948928161673e-13,0.9999994039535522,9.188132025883533e-06,8.41938785356433e-09,3.8940981994528556e-07,2,20000,80
304,9.248610695067327e-06,8.344650268554688e-07,0.0005949799669906497,1.995945853039416e-09,5.654308618541215e-11,0.9999991655349731,0.000197412766283378,1.9345178259300155e-07,4.0231202547147404e-06,1,20000,71
305,0.9394372701644897,0.0,0.0005365238175727427,1.6953277892639562e-08,8.693267972148533e-08,1.0,1.1166618605784606e-05,1.4948746866139118e-05,5.101636091353612e-08,20,20000,68
306,0.003988269716501236,0.0001304149627685547,4.903403905132109e-09,0.07171528786420822,0.013753344304859638,0.9998695850372314,0.004442625679075718,1.4041128260089408e-08,0.009858629666268826,3,20000,71
307,0.08656875789165497,3.5762786865234375e-07,0.0009592626010999084,3.4984591366082896e-06,3.8615399944319506e-07,0.9999996423721313,0.001014823094010353,0.5460172891616821,0.895147979259491,15,20000,75
308,0.00010117296187672764,1.1920928955078125e-07,0.67234206199646,2.3277106464547614e-08,1.3179365931925702e-10,0.9999998807907104,8.749604774038744e-08,1.0426329311030713e-07,3.1427829783048367e-10,14,20000,74
309,0.997814416885376,1.1920928955078125e-06,6.754075965176298e-09,3.707101132022217e-05,3.6257482349810743e-08,0.9999988079071045,9.11140796233667e-06,1.1879802919168014e-08,2.3302064278141188e-07,29,20000,77
310,0.04994291812181473,1.1920928955078125e-07,0.9462506175041199,4.808616722584702e-05,2.0441142623894848e-05,0.9999998807907104,0.0010962886735796928,1.270229972760717e-06,0.07611864805221558,26,20000,69
311,0.000783346826210618,0.0,9.556748636896373e-08,6.248802009167775e-08,3.429380512898206e-08,1.0,1.6997104523852613e-07,4.819073001272045e-05,7.630005711689591e-05,12,20000,81
312,1.010067808238091e-05,0.0,8.434290066361427e-06,1.1321986676193774e-05,6.826658136560582e-06,1.0,0.00019359690486453474,2.8195156431820578e-08,0.002729986561462283,6,20000,82
313,0.01997937262058258,1.0728836059570312e-06,2.321412694072933e-06,1.3989625813337625e-06,1.2883042472822126e-05,0.999998927116394,0.0004101325466763228,0.00038276694249361753,0.007071163970977068,4,20000,69
314,0.07246875762939453,0.0,0.9866964221000671,3.0233948677960143e-07,0.00042378896614536643,1.0,5.5332391639240086e-05,9.198257089337858e-07,5.578055795041337e-09,1,20000,84
315,0.2422465831041336,0.0,0.7992010116577148,9.454474252379441e-07,3.2364729122491553e-05,1.0,6.05769037065329e-06,1.748046374316914e-09,6.82986865285784e-07,13,20000,82
316,3.642330557340756e-05,9.179115295410156e-06,0.47288355231285095,8.887114655298234e-11,6.490617487919792e-10,0.9999908208847046,0.00037957270978949964,2.6361326455059952e-09,2.0509918208233557e-09,8,20000,74
317,0.0019838742446154356,7.152557373046875e-07,0.0013587572611868382,9.377204150951002e-07,3.234263346030275e-08,0.9999992847442627,1.4767424261208362e-07,5.303394701172692e-08,2.1538622263506113e-07,21,20000,74
318,0.044235702604055405,0.09769052267074585,3.7542504287557676e-06,0.00025131271104328334,0.001701232511550188,0.9023094773292542,0.001377434586174786,6.879314007335324e-09,2.9629020446009235e-06,3,20000,67
319,0.4520260989665985,0.0,0.001984426286071539,9.993582352763042e-06,5.6120641467316545e-09,1.0,4.545119391963226e-09,1.5501564121223055e-05,8.065383916289193e-10,18,20000,86
320,0.2885986566543579,0.0,5.541485279536573e-07,1.5117788620955253e-07,2.306179691657917e-10,1.0,7.096059850830727e-10,6.269653113122331e-06,0.0011175525141879916,18,20000,82
321,0.013080948032438755,0.005921363830566406,0.0597488209605217,1.3027655768382829e-05,2.410275712350085e-08,0.9940786361694336,0.05373144894838333,2.966945300553192e-10,6.925780780875357e-06,15,20000,80
322,0.00913227442651987,0.0,0.037662677466869354,9.522268307193826e-09,5.304059413901996e-06,1.0,0.01923731341958046,7.266054979915282e-10,1.148534132383583e-11,14,20000,72
323,0.9993177652359009,0.0,6.257760833250359e-05,1.4058608940104023e-05,3.627698606578633e-05,1.0,0.00031425137422047555,6.829114909123746e-07,7.10249196345103e-07,28,20000,86
324,0.9749813675880432,0.0,1.8049317986879032e-06,0.0002747138205450028,1.2257321486686124e-06,1.0,1.0355532403805157e-11,0.6796134114265442,0.0006772762280888855,18,20000,66
325,3.483802356640808e-05,4.220008850097656e-05,2.9386899768724106e-05,2.1008037265346502e-07,9.167577275093208e-08,0.999957799911499,0.01475133653730154,3.958557570626908e-08,2.5171044399030507e-05,11,20000,78
326,0.00894999224692583,0.0,6.277376769503462e-07,9.680115375942933e-09,4.725980717878997e-11,1.0,0.0020779988262802362,4.7177032683975995e-05,2.7993279218208045e-05,2,20000,87
327,0.9981616735458374,1.0728836059570312e-06,7.790101221871737e-07,1.136421845515656e-09,7.778066385411009e-12,0.999998927116394,0.0009953619446605444,0.08421185612678528,9.241895249090248e-09,11,20000,76
328,0.9418757557868958,0.0,0.991141676902771,0.0032864161767065525,0.002759549068287015,1.0,9.176993387427501e-09,2.991191738743737e-09,8.810326107777655e-05,19,20000,61
329,0.005651748739182949,0.0,0.7678050994873047,4.288798649554337e-09,4.955857548338827e-06,1.0,0.012522662989795208,6.801742813422607e-08,1.0390621696387825e-09,14,20000,89
330,0.9834809303283691,4.410743713378906e-06,0.000174697968759574,8.132766424751026e-07,3.947970412809809e-07,0.9999955892562866,6.005070099490695e-05,1.9238552340539172e-05,0.013397183269262314,28,20000,69
331,0.0009210698772221804,0.0,0.000978193012997508,1.5259776775522482e-09,6.009476249957402e-11,1.0,0.012790621258318424,0.001178736099973321,6.342232072853449e-09,7,20000,86
332,0.8714375495910645,0.0,0.0027294575702399015,8.327186717949076e-10,3.041928309244213e-08,1.0,1.2133793347857136e-07,1.1202801707133059e-11,1.2171519347958792e-09,20,20000,72
333,0.06120595708489418,0.0,0.09184420108795166,5.136344043421559e-06,3.140467242701561e-06,1.0,0.0008198233554139733,0.0001289207284571603,7.660487355565238e-09,25,20000,87
334,0.9817389845848083,1.0728836059570312e-06,1.0371375537943095e-05,4.070216618856648e-06,3.2285933571074565e-07,0.999998927116394,1.718657949822955e-05,0.00012289415462873876,8.593912387278024e-11,27,20000,75
335,0.9672512412071228,0.0,0.976650595664978,4.5558866986539215e-05,7.661186828045174e-06,1.0,9.322711775894277e-06,2.1035009922343306e-05,2.9440569051075727e-05,23,20000,84
336,0.9899751543998718,0.0,5.6212338677141815e-05,9.955060522770509e-05,1.11154065507435e-06,1.0,9.914071516861633e-13,0.00047345738857984543,0.0003332856285851449,18,20000,75
337,0.9996770024299622,0.0,5.0757979153104316e-08,1.2620658708328847e-05,1.2600113841187977e-08,1.0,1.3223220207692066e-07,1.8386348529020324e-05,2.0403497558163508e-08,29,20000,79
338,0.9647955894470215,0.0,0.03204286843538284,1.2452865405521152e-08,1.1858530650499244e-11,1.0,2.8808504470845264e-09,2.78490042546764e-05,1.3210042197897565e-06,18,20000,83
339,0.01432047039270401,0.0,7.869890396250412e-06,1.3277931429911405e-06,6.670019274679362e-07,1.0,2.9508862553484505e-07,6.945666655155947e-07,0.0018859391566365957,15,20000,71
340,0.9972596168518066,0.0,0.0015919845318421721,4.968565554008819e-05,2.432196311019652e-08,1.0,5.148972377355676e-06,3.2403759178123437e-06,1.2149650956416735e-06,29,20000,87
341,0.08363344520330429,0.0,0.0016162947285920382,1.948927092598751e-06,1.3913410157329054e-06,1.0,0.00010540398943703622,2.0528257664409466e-05,1.8443149940594594e-07,25,20000,88
342,0.033138372004032135,0.0,0.1728498488664627,2.5713495688250987e-06,1.3394468396654702e-06,1.0,0.0002074554649880156,0.0022340076975524426,2.312289110184551e-10,25,20000,85
343,0.9132574200630188,1.1920928955078125e-07,0.017614426091313362,7.163377802044124e-08,2.6547488118922047e-07,0.9999998807907104,1.6191989971048315e-06,0.08022279292345047,1.5494502902946294e-10,20,20000,60
344,0.9923795461654663,0.0,1.177378017302999e-08,2.8790164918746086e-08,4.866585072704765e-07,1.0,7.627751074323896e-06,1.1163942303937802e-07,3.003349652308529e-11,27,20000,70
345,0.01921672932803631,0.0,0.9998452663421631,1.684587747075028e-10,4.715681733991062e-10,1.0,1.574266752868425e-05,1.3479562951945745e-11,1.5094923921932235e-10,0,20000,86
346,0.9975729584693909,0.0,0.14949601888656616,1.278205218113726e-05,5.714379724963692e-08,1.0,5.606364084087545e-08,0.06968756020069122,7.427465789078269e-07,29,20000,88
347,0.9842983484268188,4.76837158203125e-07,2.156072681502863e-10,5.9707832406274974e-05,0.00041140467510558665,0.9999995231628418,0.0017048895824700594,1.6517827106099503e-09,0.000126647311844863,28,20000,77
348,0.001742598949931562,0.0,0.33961644768714905,1.3604848163595307e-06,1.2491408796222458e-08,1.0,0.0021667645778506994,1.0522093134568422e-06,2.550175622673123e-06,7,20000,87
349,0.901445209980011,0.0,2.0988318283343688e-06,0.000700058473739773,3.881590146193048e-06,1.0,0.00029576919041574,7.083556852194306e-08,0.0007368810474872589,24,20000,89
350,0.03455999493598938,0.0,0.2949748933315277,4.200078649319039e-07,3.1614837325832923e-07,1.0,2.372406413542194e-07,0.003892246400937438,0.0015795908402651548,9,20000,62
351,0.020543720573186874,0.0,0.03608723357319832,6.953789011276967e-08,0.0012607399839907885,1.0,0.29697033762931824,1.5286745110643096e-05,0.00024885867605917156,1,20000,82
352,0.578653872013092,0.0,0.00034018783480860293,5.513242649612948e-05,0.0001395948202116415,1.0,2.795763691665343e-07,0.0011902223341166973,0.018768494948744774,19,20000,77
353,0.0029760373290628195,0.0,0.008236747235059738,1.7233991229659296e-06,3.274172599709857e-10,1.0,4.586846443999093e-06,1.0472617759660352e-05,0.00016665575094521046,10,20000,81
354,0.5254040956497192,0.0,5.4751562856836244e-05,1.7191936763083504e-08,6.612302883013399e-08,1.0,5.576236162596615e-06,2.2392254717118476e-09,2.422023499093484e-06,20,20000,81
355,0.5752325654029846,0.0,2.8238264349056408e-06,1.0874762665480375e-05,0.00016273629444185644,1.0,0.000970895926002413,1.8722711558893934e-07,3.4184329706477e-05,28,20000,81
356,0.4255623519420624,0.0,7.393029591185041e-06,2.345557732041925e-06,0.0002618514990899712,1.0,9.754111670190468e-05,4.74004373529624e-08,6.9557498649786e-11,17,20000,63
357,0.7573626637458801,6.318092346191406e-06,2.4636103262309916e-05,1.550983142806217e-05,0.0017225074116140604,0.9999936819076538,2.162038981623482e-05,0.013367537409067154,0.01501287892460823,0,20000,64
358,0.09749983251094818,0.0,0.0013517343904823065,7.13257904862985e-05,3.5153621865902096e-05,1.0,0.00018114906561095268,1.336084369540913e-05,4.361122851737065e-10,26,20000,88
359,0.6702294945716858,0.0,0.9962555170059204,0.0006926335045136511,0.009152991697192192,1.0,7.853116557043904e-08,3.608264520504889e-10,1.1860218364745378e-05,19,20000,83
360,0.6973868012428284,3.5762786865234375e-07,0.001341957482509315,0.017819194123148918,0.0006931877578608692,0.9999996423721313,1.7800141804968916e-08,0.00029506004648283124,7.921172255009878e-06,19,20000,66
361,0.8635024428367615,2.2649765014648438e-06,6.477628744505637e-07,0.00045714841689914465,0.006252501625567675,0.9999977350234985,7.963443238168111e-09,0.0568714439868927,0.0020121533889323473,19,20000,76
362,0.0002579114225227386,0.0,0.004515813197940588,6.1319442465901375e-06,3.3767272311635566e-10,1.0,4.638534664991312e-05,0.0003804527805186808,1.4533243497538706e-09,10,20000,73
363,0.10913468897342682,1.430511474609375e-06,0.00033460184931755066,2.1178498954554925e-08,2.944761989809308e-09,0.9999985694885254,0.00019168556900694966,8.536611858289689e-06,2.6383199625001907e-08,14,20000,64
364,0.0010625512804836035,1.239776611328125e-05,0.038620475679636,8.05992286800894e-11,7.947300417754377e-08,0.9999876022338867,2.1811451915709767e-06,1.2491192802333018e-10,2.793339995074695e-12,9,20000,74
365,0.8221116065979004,0.0,0.005405948963016272,1.0710547940107062e-05,2.097540163958911e-05,1.0,5.2993909775977954e-06,1.4166793107506237e-06,0.0013115492183715105,22,20000,60
366,0.05179162323474884,3.933906555175781e-06,1.4404033663595328e-06,1.3277335142447555e-07,2.5432660422097797e-08,0.9999960660934448,5.043985993324895e-07,2.707835847104434e-06,5.128187012815033e-07,5,20000,68
367,0.9328309893608093,0.0,6.606936494790716e-06,3.773884964175522e-05,1.5862866575844237e-06,1.0,5.271713234833442e-05,3.7028798942628782e-06,1.9243987480876967e-05,23,20000,86
368,0.01033034734427929,0.0,0.012538193725049496,6.304831572379044e-07,8.677759666397833e-08,1.0,0.0035370613913983107,1.7392006057548315e-08,9.800979751162231e-05,6,20000,72
369,0.007650913204997778,0.0,0.012850231491029263,3.6645360523834825e-05,8.520754590790602e-07,1.0,1.643423161112878e-06,0.013672687113285065,1.257941039511934e-05,12,20000,83
370,0.004310776945203543,0.0036681294441223145,5.957308894721791e-05,1.620980185634835e-07,9.712723070265383e-09,0.9963318705558777,3.107857748929632e-09,0.5564103126525879,0.0003162915527354926,12,20000,60
371,0.28591784834861755,1.1920928955078125e-07,0.0008915723883546889,6.694973762932932e-06,1.9665190365003582e-08,0.9999998807907104,0.0034047646913677454,2.329785253607497e-10,6.640681021963246e-06,2,20000,71
372,0.6773251295089722,4.76837158203125e-07,0.4036620855331421,0.004230020102113485,0.00016827828949317336,0.9999995231628418,1.9927723915458273e-09,1.0895981176872738e-05,0.0003164973168168217,18,20000,71
373,0.3820509910583496,0.0,0.0016418396262452006,7.749811629764736e-06,5.121757112647174e-06,1.0,5.8768866438185796e-05,0.8473944067955017,3.0386358957912307e-06,25,20000,77
374,0.9964599609375,1.7881393432617188e-06,0.9733923673629761,6.482468961621635e-08,5.545289241126738e-07,0.9999982118606567,3.7722724499644755e-08,8.849651567111039e-11,5.637032245431328e-07,27,20000,62
375,0.005470105912536383,0.0,0.0033494920935481787,1.4005060999799923e-11,6.754715737482611e-14,1.0,6.7655896600626875e-06,1.830148255166364e-10,1.0652586451831425e-11,2,20000,73
376,0.9579159617424011,0.0,0.976452648639679,0.0005034945788793266,4.997483847546391e-05,1.0,1.0715699318097904e-05,6.524172846411602e-08,1.4911707424403176e-08,23,20000,76
377,0.06645356118679047,1.3113021850585938e-06,4.340557643445209e-05,4.5813501969860226e-07,1.0704340638767462e-05,0.9999986886978149,0.000745947181712836,0.05644376203417778,9.527920674656798e-10,15,20000,76
378,0.1637715846300125,0.00020331144332885742,0.0001251388603122905,0.0008178761345334351,0.00013863903586752713,0.9997966885566711,0.00011731180711649358,8.637858627480455e-06,3.6380920391820837e-06,26,20000,76
379,0.9059423208236694,0.0,0.0002072527422569692,1.4216652743925806e-06,1.3976323431919013e-09,1.0,2.858842265140993e-07,1.9814933693851344e-06,5.638383754558163e-06,18,20000,64
380,0.13851261138916016,1.3113021850585938e-05,0.00011934175563510507,1.62438198003656e-06,1.8340259657634306e-06,0.9999868869781494,0.00012493492977228016,1.765233292871926e-09,0.00023744070495013148,15,20000,63
381,0.03463048115372658,4.76837158203125e-07,1.229871759278467e-05,7.19799063517712e-05,1.2018479537800886e-05,0.9999995231628418,0.005321477074176073,4.939899440614681e-07,0.0596839040517807,11,20000,71
382,0.055513810366392136,0.0,0.6974111199378967,2.655044895050196e-08,4.015233301402077e-08,1.0,1.4276204751695332e-07,4.314551103543063e-13,0.007016392424702644,16,20000,69
383,0.2519097924232483,0.0,8.604209966733833e-08,0.000551645178347826,5.3830161050427705e-05,1.0,1.0142872497453936e-06,0.00023075973149389029,2.322667933185585e-05,22,20000,81
384,0.983117401599884,4.0531158447265625e-06,0.00026171727222390473,0.0008029342861846089,5.367783160181716e-06,0.9999959468841553,7.77231093707087e-07,5.991812046524103e-10,5.307890091899026e-07,29,20000,67
385,0.0021742042154073715,1.0728836059570312e-06,0.0012969798408448696,1.889618461703435e-09,9.374063303368985e-09,0.999998927116394,0.00087491370504722,4.191262178210309e-06,4.277344256564675e-09,14,20000,60
386,0.6221717000007629,2.7418136596679688e-06,0.01233946718275547,6.924285571585642e-07,1.369286906083289e-08,0.9999972581863403,1.4949019089272042e-07,6.47047272650525e-05,0.00011952056229347363,16,20000,64
387,0.0017096776282414794,0.0,8.074487709563982e-07,2.3428777140566126e-08,6.449610623349145e-07,1.0,0.0007581993122585118,0.9320903420448303,7.066329743565802e-08,9,20000,73
388,0.005677515175193548,0.0,9.966285870177671e-05,5.7953748466843535e-09,1.825453850579084e-11,1.0,0.003439082996919751,1.566842729516793e-05,4.728924250230193e-05,2,20000,70
389,0.3310287892818451,0.0,6.489684096777637e-07,2.369293724768795e-06,3.413447120692581e-05,1.0,2.2574026843358297e-06,3.065785680878008e-10,0.005072192754596472,11,20000,77
390,0.016853364184498787,2.6226043701171875e-06,0.005319515243172646,0.001510856207460165,0.07567725330591202,0.9999973773956299,0.0008324014488607645,9.162030245590813e-09,7.565029136458179e-07,3,20000,70
391,0.7810662388801575,0.0,0.6021416187286377,4.229695260704602e-09,2.8437017363103223e-07,1.0,1.0108352626048145e-06,2.2586552628212075e-09,1.5116013685201324e-07,20,20000,84
392,0.036029230803251266,0.00017470121383666992,0.906118631362915,0.026658643037080765,0.0011082420824095607,0.9998252987861633,2.1838809516339097e-06,4.52749091550686e-08,0.00038170014158822596,25,20000,67
393,0.9287845492362976,0.0,4.6709499201824656e-07,4.219689071760513e-05,0.0001430157572031021,1.0,8.410233363065345e-07,5.4466663641505875e-06,0.00041458706255070865,19,20000,75
394,0.9896705746650696,0.0,2.0204187478611857e-07,0.0004679030680563301,1.3459015463013202e-05,1.0,1.067462349624293e-07,0.008097992278635502,3.9570960552737233e-07,23,20000,75
395,6.077165380702354e-05,0.0,0.041751228272914886,3.4499676075938623e-06,3.847908214282825e-09,1.0,0.0007310996297746897,2.0451244253649747e-08,6.828647425294321e-09,10,20000,72
396,0.0498780682682991,0.0,0.0011745018418878317,7.484472916985396e-06,5.988180419080891e-06,1.0,7.220885891001672e-05,9.676742913911074e-12,1.1910188391084375e-09,26,20000,89
397,0.012886418960988522,2.384185791015625e-07,0.0010841789189726114,1.8601431506226618e-08,9.218409147138118e-09,0.9999997615814209,0.0004672236682381481,7.496982107113581e-06,1.6134199540829286e-05,15,20000,64
398,0.9782758951187134,0.0,8.134858830999292e-07,3.65571140719112e-05,7.396562523354078e-06,1.0,5.9926365793216974e-05,0.00012774333299603313,5.442206543193606e-07,23,20000,77
399,0.260288268327713,0.0,9.002425116477752e-08,9.784615713215317e-07,5.995509013700939e-07,1.0,2.0131294604652794e-06,0.0003131665289402008,2.926170772354908e-08,25,20000,81
400,0.12329258769750595,1.5616416931152344e-05,0.9865505695343018,0.00015269195137079805,0.0022589080035686493,0.9999843835830688,0.010694675147533417,2.2365952145886325e-10,3.789120128772083e-08,15,20000,67
401,0.9898537993431091,3.337860107421875e-06,0.01959637925028801,1.7918485184509336e-07,2.610030591654322e-08,0.9999966621398926,1.4445096894633025e-05,9.546530232995565e-13,4.2303407998822706e-10,20,20000,63
402,0.009652955457568169,2.7418136596679688e-06,0.08685758709907532,2.282958710964067e-09,7.269065349646553e-10,0.9999972581863403,3.4866434361902066e-06,1.6589949609624455e-06,0.0001803856430342421,5,20000,70
403,0.010319819673895836,7.414817810058594e-05,7.96097083366476e-07,6.815960659878328e-05,0.00652927253395319,0.9999258518218994,5.139349013916217e-06,0.0003644487587735057,1.9408553271205164e-05,3,20000,75
404,0.00020253485126886517,0.0,0.993629515171051,1.0773609915304405e-07,1.9952470786677168e-09,1.0,2.29733905143803e-06,3.465896680765468e-09,0.99601149559021,11,20000,69
405,0.17935049533843994,0.008820116519927979,1.8704213289311156e-06,0.0003729565651156008,0.0003741527325473726,0.991179883480072,0.0003112114791292697,0.4363735616207123,4.8014378251082235e-08,26,20000,66
406,0.004284184891730547,8.344650268554688e-07,0.9958428740501404,3.532453973775773e-08,4.788567457580939e-05,0.9999991655349731,1.293022978643421e-05,7.213969976938017e-10,1.1391728449439142e-08,5,20000,65
407,0.05429701879620552,0.0,0.9788349866867065,0.00021228134573902935,4.324419222712095e-08,1.0,1.2579064787132666e-05,0.0007606199360452592,2.923571855717455e-06,21,20000,85
408,0.7367537617683411,0.0,0.0004675632808357477,4.332803769102611e-07,3.7733141198259545e-06,1.0,2.9284146876307204e-06,0.0005184942856431007,4.825039479072757e-09,17,20000,70
409,0.8960086703300476,0.0,0.0007440391345880926,1.2410219824232627e-05,6.45549880573526e-05,1.0,0.00015002774307504296,7.81702453878097e-08,2.568427892243874e-12,23,20000,73
410,0.3083595633506775,0.00014150142669677734,0.9999314546585083,7.177977323635787e-08,3.291049921472222e-08,0.9998584985733032,4.899833356830641e-07,1.5622409922571114e-15,9.232138609149843e-09,16,20000,76
411,0.36254504323005676,1.1920928955078125e-07,0.006195631809532642,1.675862364436398e-07,2.6309169243177166e-07,0.9999998807907104,4.910451752948575e-05,2.3733456089303218e-08,0.0001289175997953862,15,20000,60
412,0.02577284723520279,8.320808410644531e-05,2.36310961554409e-06,8.942965359892696e-05,0.009649304673075676,0.9999167919158936,0.0005247087683528662,8.195511977393544e-12,1.540169991542939e-09,3,20000,77
413,0.01203665416687727,0.0,0.010494566522538662,2.2990805093048294e-10,1.2717226577363405e-11,1.0,0.0005848031141795218,0.0002901025291066617,2.2456310944107827e-07,2,20000,82
414,0.8852291703224182,2.384185791015625e-07,0.000433979817898944,1.0195545883107116e-06,1.912329253173084e-06,0.9999997615814209,0.000773792911786586,1.0806591888012917e-07,6.366951410541333e-10,4,20000,64
415,0.11281802505254745,0.0,0.11164739727973938,9.134798347076867e-06,3.2091985957549696e-08,1.0,0.031984735280275345,6.258832740968501e-08,1.0519335402747743e-09,25,20000,74
416,0.444522500038147,0.0,0.00013275093806441873,5.459758867232267e-08,1.4450247363129165e-06,1.0,4.934144817525521e-05,0.12425193190574646,1.0777070968970293e-07,0,20000,85
417,0.265485554933548,1.1920928955078125e-07,0.019246509298682213,2.6994503059540875e-06,0.0014026467688381672,0.9999998807907104,2.873573248507455e-05,5.569583017006607e-09,3.48153520235428e-07,13,20000,80
418,0.08556832373142242,0.0,0.01734877936542034,7.895137628111115e-07,2.6658976821636315e-06,1.0,2.3085729026206536e-06,2.5867419140013226e-07,0.00010687245958251879,9,20000,61
419,0.853965699672699,0.0,0.0001949516881722957,1.052732955031388e-06,2.4495413981640013e-06,1.0,3.1182215025182813e-05,9.490096886111132e-08,5.587589765876366e-11,27,20000,81
420,0.17959259450435638,0.0,0.0007400786271318793,5.893187049466064e-10,2.9097564201857606e-12,1.0,0.0021290266886353493,3.3050997494399326e-09,0.0001528729044366628,2,20000,72
421,0.6901442408561707,0.0,0.9595474004745483,2.1963239760225406e-07,3.9361506054547135e-08,1.0,0.0002356838813284412,1.0731220356774429e-08,3.195083627360873e-05,11,20000,70
422,0.04195863753557205,0.0,0.00010672512144083157,4.616410080870992e-07,1.4392050616152119e-05,1.0,1.5101601746891902e-08,7.85819338489091e-08,4.622317283065058e-05,24,20000,81
423,0.10191281884908676,0.0,8.362815719920036e-07,0.004785766825079918,3.303197445347905e-05,1.0,2.8274998840061016e-06,0.4366665780544281,5.900481482967734e-05,22,20000,79
424,0.9672785401344299,2.1457672119140625e-06,3.458586070337333e-05,4.2838371882680804e-05,4.2574978579068556e-05,0.9999978542327881,0.0001686206815065816,0.04125787690281868,3.889720119332196e-07,23,20000,78
425,0.2070332020521164,0.0,0.05711277201771736,6.219816441443982e-06,6.365212811942911e-06,1.0,1.55983379954705e-05,1.1473478480183985e-05,8.342695423380064e-09,25,20000,79
426,0.9590149521827698,0.0,1.3601317050415673e-06,1.074575607162842e-06,5.115186496595925e-09,1.0,1.404180693498347e-05,1.9078848708886653e-05,5.9283927839715034e-05,22,20000,85
427,0.010841721668839455,0.0,0.9124063849449158,1.020758759295859e-06,4.445782451512059e-06,1.0,7.654158252989873e-06,5.737976607633755e-06,2.0242318043983687e-07,5,20000,79
428,3.328493039589375e-05,2.7418136596679688e-06,0.6327438950538635,1.4602760778359425e-08,7.960812564711262e-12,0.9999972581863403,0.7433168292045593,9.980059001435393e-10,4.476398629549294e-08,1,20000,74
429,0.0018972167745232582,0.002333402633666992,0.9878377914428711,1.2950324617122533e-06,3.1842978387430776e-07,0.997666597366333,0.00040925046778284013,1.0788903637148906e-06,0.021125340834259987,8,20000,66
430,0.17354044318199158,6.9141387939453125e-06,6.130226392997429e-05,1.1003491173777746e-10,1.8483852226580666e-09,0.999993085861206,5.562679916693014e-07,0.009137452580034733,1.1046885184384792e-08,4,20000,61
431,0.12746894359588623,0.0,0.16060219705104828,1.4003928754391382e-06,0.00014354435552377254,1.0,5.474945510286489e-07,0.10418481379747391,0.0005190774681977928,13,20000,62
432,0.0014628292992711067,2.6226043701171875e-06,0.024501467123627663,1.3908527662920278e-09,1.9402699447113037e-09,0.9999973773956299,1.1873331686729216e-06,5.841866936862061e-07,3.248736675232067e-07,5,20000,80
433,0.9155420064926147,0.0,0.0223358403891325,1.2670855539909098e-05,1.7824712017500133e-07,1.0,3.3608080229896586e-07,1.2002584526271676e-07,1.7056883734767325e-05,29,20000,82
434,0.007331515196710825,0.00011515617370605469,0.038726337254047394,0.006570324767380953,0.41968435049057007,0.999884843826294,0.0014629056677222252,6.0380420281724856e-12,4.470202696893466e-08,3,20000,60
435,0.9775144457817078,0.0,3.1762710932525806e-06,3.5061668313574046e-05,4.457199622720509e-07,1.0,1.0279803746016114e-06,0.9848371148109436,6.104366789827509e-09,23,20000,60
436,0.0001173429554910399,0.0,0.0036967964842915535,3.9485578895437357e-07,2.3542218841043905e-08,1.0,0.23728489875793457,1.5201949565835093e-07,1.603209057066124e-06,15,20000,89
437,0.995445191860199,0.0,0.0006258225766941905,1.7075124958410015e-07,1.7942105046131474e-07,1.0,2.1837770702859416e-07,7.498634204239352e-06,3.6779943002329674e-06,28,20000,73
438,0.08318444341421127,0.0,5.873257435951018e-11,1.163279307547782e-06,2.69835815913666e-08,1.0,1.0917709914792795e-05,2.9481272576958872e-05,6.744432539562695e-06,22,20000,86
439,0.0015111827524378896,0.0,0.012082397006452084,2.086476325047215e-09,2.9301945758675174e-08,1.0,0.007624689489603043,4.3605849725340817e-13,2.0022447241863084e-11,14,20000,86
440,0.5551441311836243,0.0,0.9901339411735535,7.09050596015004e-07,5.508791218744591e-07,1.0,3.1073621357791126e-05,0.009172563441097736,3.9199508705678454e-07,14,20000,61
441,4.380074824439362e-05,0.0,0.006854841951280832,6.72140731694526e-06,1.2962254603010592e-09,1.0,0.00018574195564724505,0.0006038577994331717,4.8251829198875384e-09,10,20000,69
442,0.0024547320790588856,1.0728836059570312e-06,0.004758876282721758,3.304046813923378e-08,7.518457323385519e-08,0.999998927116394,0.0026885049883276224,1.4511281065665571e-08,3.3926932374583885e-09,14,20000,66
443,0.197262704372406,0.0,1.7450947780162096e-05,3.9194332202896476e-05,2.5936795282177627e-05,1.0,0.00415886752307415,2.3400200461765053e-06,2.3128268189509527e-09,26,20000,70
444,0.9796149134635925,0.0,3.228932143883867e-08,5.1874920359296084e-08,3.8571715776924975e-07,1.0,6.341756670735776e-05,6.90908608103058e-10,4.4814769672996135e-09,28,20000,88
445,0.028295375406742096,1.1920928955078125e-07,0.0007112937746569514,5.793087893835036e-06,6.921046633578953e-07,0.9999998807907104,1.1230591553612612e-05,3.862013486788385e-10,0.868392825126648,16,20000,63
446,0.007186898496001959,0.0,1.2283013575142832e-06,2.7316513634412232e-11,1.1696790237769594e-11,1.0,0.000373035145457834,2.5267144820873e-08,2.0734356439788826e-05,11,20000,82
447,0.001053566113114357,0.0,0.9532836079597473,7.33296134924899e-09,5.798145252811082e-07,1.0,0.0019504994852468371,1.7199355397679028e-06,9.364637776343443e-07,9,20000,70
448,0.016666272655129433,0.0,0.5012416839599609,1.3398898879302124e-08,8.662473760523426e-07,1.0,0.00018486901535652578,6.833424208707584e-07,1.0677040362949697e-09,14,20000,84
449,0.013870041817426682,1.7881393432617188e-06,0.016752174124121666,0.0008856283966451883,6.465980550274253e-05,0.9999982118606567,1.0618113265081774e-05,4.594632991938852e-05,2.0196573580211208e-11,25,20000,76
