chance_level,pair_index,prob_bridge_given_valid,prob_causal_given_bridge,prob_valid,source,step,support_bridge,support_causal,support_valid,target
0.2,0,0.0009155160156884319,0.0,0.0005416228086687624,12,16000,5,5,12,67
0.1111111111111111,1,0.026708522825090227,1.0,0.015644770115613937,9,16000,9,9,16,60
0.16666666666666666,2,0.00016828069059751958,0.0,0.0008116887183859944,6,16000,6,6,15,88
0.1,3,0.0015258887135399123,1.0,0.0010744404280558228,11,16000,10,10,17,68
0.14285714285714285,4,0.0003592208314962443,0.0,0.0011120018316432834,21,16000,7,7,10,75
0.14285714285714285,5,0.0006285287334224992,0.0,0.0012297695502638817,1,16000,7,7,17,67
0.25,6,0.04357851236160593,1.0,0.00422263378277421,23,16000,4,4,8,74
0.1,7,0.00967621118976917,0.0,5.620367301162332e-05,19,16000,10,10,12,87
0.2,8,0.0012457174700556224,1.0,0.011286592110991478,5,16000,5,5,13,64
0.14285714285714285,9,0.0011979332682802637,1.0,0.17884844541549683,26,16000,7,7,8,71
0.125,10,0.13918711965032018,0.9996262123151831,0.040733613073825836,25,16000,8,6,10,70
0.16666666666666666,11,0.002318956241685109,1.0,0.02049020491540432,17,16000,6,6,10,69
0.1111111111111111,12,0.019051012074379373,1.0,6.713267066515982e-05,20,16000,9,9,11,71
0.1,13,0.0043941733260267,1.0,0.036229971796274185,0,16000,10,10,23,69
0.14285714285714285,14,0.0006433878562819855,1.0,0.04600124433636665,26,16000,7,7,8,65
0.07692307692307693,15,0.0012390321565050658,1.0,0.0077857207506895065,2,16000,13,13,21,66
0.14285714285714285,16,0.0013217788667111575,1.0,0.1118653267621994,26,16000,7,7,8,74
0.25,17,0.007126751255008278,1.0,0.0004840248147957027,23,16000,4,4,8,89
0.125,18,0.0004223071640218033,0.0,0.0021138652227818966,7,16000,8,8,15,84
0.1111111111111111,19,0.004159000057489996,0.0,2.634829615999479e-05,20,16000,9,9,11,80
0.1,20,0.004630911368414741,0.0,0.0001116404018830508,14,16000,10,10,12,79
0.14285714285714285,21,0.0012124319774361487,0.970933013030745,0.03553057834506035,26,16000,7,5,8,61
0.07692307692307693,22,0.06203060460563752,1.0,5.262245758785866e-05,18,16000,13,13,14,85
0.08333333333333333,23,0.000858328029216723,0.9920531133877696,0.01692510023713112,22,16000,12,10,13,70
0.1111111111111111,24,0.013903522890638207,1.0,0.00022896536393091083,4,16000,9,9,17,68
0.1111111111111111,25,0.008572491120642982,1.0,0.0002505552547518164,20,16000,9,9,11,83
0.1,26,1.0,1.0,1.5401268456116668e-06,28,16000,10,10,10,71
0.1,27,0.008633803284925115,1.0,0.01362103782594204,27,16000,10,10,11,78
0.1111111111111111,28,0.016857075137697436,0.0,4.397954398882575e-05,16,16000,9,9,12,82
0.14285714285714285,29,1.0,1.0,0.0003067966317757964,29,16000,7,7,7,78
0.07692307692307693,30,0.003042647721770483,0.0,0.00019838432490359992,2,16000,13,13,21,83
0.14285714285714285,31,0.00035889843084773235,0.0,0.00025371721130795777,10,16000,7,7,14,78
0.1,32,0.014270238256481412,0.0,2.2441176042775624e-05,19,16000,10,10,12,85
0.1,33,0.0116245277856117,0.9954473486663908,0.00217705057002604,14,16000,10,9,12,69
0.07692307692307693,34,0.0626570509499319,1.0,0.010569602251052856,18,16000,13,13,14,68
0.1,35,0.0037720208392796454,1.0,0.0015229845885187387,0,16000,10,10,23,75
0.1111111111111111,36,0.23690094138501575,1.0,0.005896442104130983,24,16000,9,9,10,66
0.16666666666666666,37,0.002524772951523355,1.0,0.0004021343484055251,13,16000,6,6,11,83
0.14285714285714285,38,0.00012314568143744829,0.0,0.0007846325752325356,10,16000,7,7,14,71
0.1111111111111111,39,0.0041707347378971155,1.0,0.00148536276537925,9,16000,9,9,16,84
0.1,40,0.17615687799748414,1.0,0.013440554961562157,19,16000,10,10,12,72
0.1,41,0.003911020585402083,0.0,0.00022924032236915082,11,16000,10,10,17,61
0.1,42,0.0007977311947938603,0.0,0.00014303343778010458,3,16000,10,10,18,82
0.1111111111111111,43,0.01254536241661829,1.0,8.65943802637048e-05,4,16000,9,9,17,86
0.1111111111111111,44,0.015413574756654575,0.9974797529160475,0.0007158468943089247,16,16000,9,7,12,70
0.2,45,0.005086985935578831,0.0,1.3211010809754953e-05,12,16000,5,5,12,77
0.1111111111111111,46,0.01828648181875796,0.0,1.0131669114343822e-05,16,16000,9,9,12,81
0.1111111111111111,47,0.004067040576448449,0.0,0.00012180423800600693,4,16000,9,9,17,87
0.1,48,0.0,0.0,6.343774998640583e-07,28,16000,10,10,10,78
0.14285714285714285,49,0.001031945934557198,1.0,0.2841152250766754,21,16000,7,7,10,63
0.1111111111111111,50,0.20488004644904695,1.0,0.001778471632860601,24,16000,9,9,10,64
0.14285714285714285,51,0.0006108168114234833,0.0,0.00013226205192040652,1,16000,7,7,17,79
0.16666666666666666,52,0.0027855558345247894,1.0,0.015180637128651142,8,16000,6,6,12,60
0.07692307692307693,53,0.024309878997104326,1.0,0.0004079417558386922,18,16000,13,13,14,84
0.1111111111111111,54,0.04308978935731392,1.0,0.012003800831735134,9,16000,9,9,16,67
0.25,55,0.06668043556955255,1.0,0.0027586373034864664,23,16000,4,4,8,81
0.16666666666666666,56,0.0002566117745603142,0.0,0.00043837528210133314,6,16000,6,6,15,78
0.1,57,0.017994934735518935,1.0,0.0013980830553919077,27,16000,10,10,11,80
0.1111111111111111,58,0.020993389387592116,1.0,0.015551822260022163,9,16000,9,9,16,69
0.1111111111111111,59,0.030394974791080148,0.0,4.5954720917507075e-06,16,16000,9,9,12,79
0.16666666666666666,60,0.0001340298220392662,0.0,0.00022425345377996564,17,16000,6,6,10,85
0.1,61,1.0,1.0,1.1531865311553702e-05,28,16000,10,10,10,67
0.14285714285714285,62,0.0011616344894488856,0.9874580521105326,0.1336316466331482,26,16000,7,6,8,62
0.1,63,0.006618091320235381,1.0,0.00018011199426837265,14,16000,10,10,12,76
0.1,64,0.009946277238598367,1.0,0.0007928049890324473,0,16000,10,10,23,74
0.1111111111111111,65,0.019791924150735298,0.9909310772970826,0.0001677223772276193,16,16000,9,8,12,61
0.125,66,0.0004482028802087563,0.0,0.00018851883942261338,7,16000,8,8,15,81
0.08333333333333333,67,0.0004416605854962966,1.0,0.006568059790879488,22,16000,12,12,13,76
0.1,68,0.003391483702795074,1.0,0.02345218136906624,27,16000,10,10,11,76
0.125,69,0.00098412325102198,0.999509892391166,0.003731685457751155,7,16000,8,7,15,62
0.1,70,0.007793055102568287,0.0,9.287056309403852e-05,3,16000,10,10,18,86
0.1111111111111111,71,0.01988435699466117,0.999516160938566,0.0007047504186630249,20,16000,9,8,11,69
0.1,72,0.003999216466718197,1.0,0.008623319678008556,3,16000,10,10,18,63
0.125,73,0.1301765224229587,1.0,0.05541493743658066,25,16000,8,8,10,66
0.1111111111111111,74,0.015511665355141481,0.9997859404876237,0.0006732697365805507,20,16000,9,8,11,70
0.14285714285714285,75,0.0015298931916364817,1.0,0.27406424283981323,26,16000,7,7,8,60
0.16666666666666666,76,0.0008997834781879581,0.0,0.0007604995626024902,17,16000,6,6,10,71
0.14285714285714285,77,0.0006851836928392227,1.0,0.1304081529378891,21,16000,7,7,10,72
0.1111111111111111,78,0.004167911955428861,0.0,0.000196095512364991,15,16000,9,9,15,83
0.1,79,0.07233402902492825,1.0,0.06866461783647537,27,16000,10,10,11,69
0.2,80,0.0016946927013071602,1.0,0.002576622413471341,5,16000,5,5,13,72
0.1111111111111111,81,0.32080940231818184,1.0,0.007623590994626284,24,16000,9,9,10,72
0.1,82,0.004015076891371804,1.0,0.0033485537860542536,11,16000,10,10,17,60
0.125,83,0.0006765250380645594,1.0,0.0016622596886008978,7,16000,8,8,15,66
0.1111111111111111,84,0.0013160722436063254,0.0,0.0005819082143716514,9,16000,9,9,16,89
0.1,85,0.01451172839798454,1.0,0.0010572138708084822,0,16000,10,10,23,61
0.14285714285714285,86,0.0005831149772792884,1.0,0.01509765163064003,1,16000,7,7,17,63
0.2,87,0.0002255112920324877,0.0,0.00020251212117727846,12,16000,5,5,12,70
0.125,88,0.11264203465751313,1.0,0.020976200699806213,25,16000,8,8,10,64
0.1,89,0.0,0.0,5.988261477796186e-07,28,16000,10,10,10,82
0.125,90,0.3327937858470264,1.0,0.08936112374067307,25,16000,8,8,10,72
0.16666666666666666,91,0.0008191231898076343,1.0,0.004550615791231394,8,16000,6,6,12,69
0.125,92,0.0004750567584547624,0.0,0.0004863737849518657,7,16000,8,8,15,83
0.14285714285714285,93,0.00013762269948082879,0.0,0.0005553060327656567,10,16000,7,7,14,85
0.1,94,0.002959012973541866,1.0,0.00044349071686156094,14,16000,10,10,12,88
0.1111111111111111,95,0.02037958713194432,0.0,7.230084065668052e-06,16,16000,9,9,12,85
0.07692307692307693,96,0.004511514097203639,1.0,0.00026841170620173216,2,16000,13,13,21,76
0.125,97,0.0004945723036069684,0.0,0.00027004911680705845,7,16000,8,8,15,80
0.14285714285714285,98,0.00023330216732053797,1.0,0.02616809867322445,10,16000,7,7,14,60
0.16666666666666666,99,0.00014340834731012226,0.0,0.0010027866810560226,17,16000,6,6,10,76
0.1,100,0.013009446933706967,0.0,7.47784724808298e-05,14,16000,10,10,12,75
0.1111111111111111,101,0.009787483242014455,1.0,0.00014105375157669187,16,16000,9,9,12,74
0.16666666666666666,102,0.0023077251548307,1.0,0.001636295928619802,8,16000,6,6,12,76
0.14285714285714285,103,1.0,1.0,0.003935830667614937,29,16000,7,7,7,73
0.25,104,0.3092731044798287,1.0,0.038225434720516205,23,16000,4,4,8,72
0.14285714285714285,105,9.535928127634562e-05,1.0,0.02811443991959095,10,16000,7,7,14,66
0.1111111111111111,106,0.49597201160354115,1.0,2.3008837160887197e-05,24,16000,9,9,10,78
0.1111111111111111,107,0.012159976146368453,1.0,0.0014166344190016389,4,16000,9,9,17,63
0.14285714285714285,108,1.0,1.0,0.004747273866087198,29,16000,7,7,7,63
0.25,109,0.007488018727937626,0.0,0.00012837088434025645,23,16000,4,4,8,85
0.1111111111111111,110,0.34737433379013566,1.0,1.1426364835642744e-05,24,16000,9,9,10,85
0.14285714285714285,111,9.745224788598236e-05,0.0,0.0009285304113291204,10,16000,7,7,14,89
0.1,112,0.009267623121413406,1.0,0.06149321049451828,0,16000,10,10,23,72
0.08333333333333333,113,0.0007841991445730749,1.0,0.003532499773427844,22,16000,12,12,13,88
0.2,114,0.0014665461094673234,1.0,0.003467651316896081,5,16000,5,5,13,67
0.1,115,0.0010530206201466359,0.0,0.0005218117730692029,3,16000,10,10,18,65
0.14285714285714285,116,7.877056838227863e-05,0.0,0.0051948148757219315,10,16000,7,7,14,83
0.1111111111111111,117,0.0034574120505313634,0.0,0.00010258521069772542,4,16000,9,9,17,80
0.16666666666666666,118,0.000142196536640989,0.0,0.0002696448937058449,17,16000,6,6,10,81
0.2,119,0.0005565314002260315,0.0,0.0001867470855358988,5,16000,5,5,13,74
0.1,120,0.008451032213961812,0.9995186019172695,0.0002515003434382379,11,16000,10,8,17,62
0.1,121,0.13000836849739086,1.0,0.09240111708641052,27,16000,10,10,11,63
0.1,122,1.0,1.0,4.5325574319576845e-05,28,16000,10,10,10,63
0.2,123,0.000903585641575605,0.0,4.021671702503227e-05,5,16000,5,5,13,87
0.1111111111111111,124,0.31046696193158796,1.0,0.004772609565407038,24,16000,9,9,10,60
0.1,125,0.009974553263254467,0.0,8.966489258455113e-05,19,16000,10,10,12,79
0.2,126,0.00032124777075610654,0.0,0.00019216022337786853,5,16000,5,5,13,71
0.16666666666666666,127,0.003359346192186834,0.0,0.00025414745323359966,13,16000,6,6,11,88
0.1111111111111111,128,0.00850461492319238,0.9790419504967591,0.0007787950453348458,15,16000,9,7,15,62
0.14285714285714285,129,0.0006360205233409604,0.0,0.00014558190014213324,1,16000,7,7,17,77
0.16666666666666666,130,0.00011700477755301796,0.0,0.00032906647538766265,17,16000,6,6,10,87
0.16666666666666666,131,0.005237783044910738,0.0,7.702181756030768e-05,13,16000,6,6,11,79
0.1,132,1.0,1.0,4.406485459185205e-06,28,16000,10,10,10,66
0.16666666666666666,133,0.0012517797785489126,0.9695473464449452,0.001723195891827345,8,16000,6,5,12,70
0.1,134,0.0781577578925074,1.0,0.044781558215618134,27,16000,10,10,11,64
0.16666666666666666,135,0.00041788582502702863,0.0,0.0008562002913095057,6,16000,6,6,15,77
0.16666666666666666,136,0.0034966112223695496,1.0,0.02542910724878311,17,16000,6,6,10,60
0.07692307692307693,137,0.14701682129448349,0.999469595735815,0.014332017861306667,18,16000,13,12,14,63
0.1111111111111111,138,0.24791059901870144,1.0,0.009815678000450134,24,16000,9,9,10,73
0.16666666666666666,139,0.0003308954639650098,0.0,0.0002425609272904694,17,16000,6,6,10,75
0.14285714285714285,140,7.677148834109486e-05,1.0,0.026021108031272888,10,16000,7,7,14,70
0.16666666666666666,141,5.79980952105489e-05,0.0,0.004004666581749916,6,16000,6,6,15,76
0.1,142,0.0,0.0,4.6260393560260127e-07,28,16000,10,10,10,85
0.16666666666666666,143,0.0007899309637638233,1.0,0.007793106138706207,17,16000,6,6,10,62
0.1111111111111111,144,0.016725212371820782,0.9980446988745317,0.00026606678147800267,20,16000,9,7,11,61
0.16666666666666666,145,0.0001285394783146901,0.0,0.0006408911431208253,17,16000,6,6,10,88
0.1111111111111111,146,0.023962545563276,0.0,3.513159754220396e-05,16,16000,9,9,12,75
0.16666666666666666,147,0.00016636660578908517,1.0,0.008514411747455597,6,16000,6,6,15,68
0.16666666666666666,148,0.013614032325281935,0.0,6.560178007930517e-05,8,16000,6,6,12,78
0.1111111111111111,149,0.010573296388712468,1.0,0.0002696310402825475,4,16000,9,9,17,67
0.14285714285714285,150,0.0008173818943275037,0.0,0.00020255176059436053,1,16000,7,7,17,85
0.16666666666666666,151,0.00980962782111235,1.0,0.0012982772896066308,13,16000,6,6,11,61
0.2,152,0.0009561613365598256,0.0,0.00014619001012761146,12,16000,5,5,12,89
0.1111111111111111,153,0.04630853147445265,1.0,0.01297889743000269,9,16000,9,9,16,68
0.1111111111111111,154,0.11268237145792852,1.0,0.00025472629931755364,24,16000,9,9,10,76
0.1111111111111111,155,0.8720963498356873,1.0,1.2547895494208205e-05,24,16000,9,9,10,87
0.1111111111111111,156,0.21449187869044364,0.9994892422161755,0.008480893447995186,20,16000,9,8,11,73
0.08333333333333333,157,0.0006522340734598348,1.0,0.005141112487763166,22,16000,12,12,13,83
0.1,158,0.06566320114631538,1.0,0.003019222291186452,19,16000,10,10,12,64
0.1,159,0.002723713334336839,0.0,0.00015675669419579208,14,16000,10,10,12,81
0.08333333333333333,160,0.00023017240853468612,1.0,0.008409423753619194,22,16000,12,12,13,80
0.08333333333333333,161,0.00038582642558014684,1.0,0.04285584017634392,22,16000,12,12,13,84
0.14285714285714285,162,8.105894460816382e-05,0.0,0.009023252874612808,10,16000,7,7,14,64
0.1111111111111111,163,0.012702084257877113,0.0,3.15611032419838e-05,16,16000,9,9,12,83
0.16666666666666666,164,0.00020354531992227863,1.0,0.006264029070734978,6,16000,6,6,15,69
0.125,165,0.28251144130971423,1.0,0.07669833302497864,25,16000,8,8,10,73
0.1111111111111111,166,0.013403618123717733,0.0,1.637476270843763e-05,20,16000,9,9,11,79
0.1,167,0.0028620740950307025,1.0,0.0011085430160164833,11,16000,10,10,17,66
0.14285714285714285,168,0.00038632666161232443,0.0,0.00041311848326586187,10,16000,7,7,14,77
0.1111111111111111,169,0.024383392775043474,1.0,0.0011678081937134266,20,16000,9,9,11,67
0.1,170,0.0033746839044306778,0.9810753214420378,0.010026644915342331,0,16000,10,9,23,62
0.07692307692307693,171,0.0015619567935798125,0.9861902190889672,0.006960432045161724,2,16000,13,12,21,61
0.07692307692307693,172,0.13551298982958476,1.0,8.43747693579644e-05,18,16000,13,13,14,77
0.16666666666666666,173,0.0028655566616552766,0.0,0.0001371062535326928,13,16000,6,6,11,87
0.1,174,0.008152256678411247,1.0,0.0002224641211796552,11,16000,10,10,17,67
0.16666666666666666,175,0.0010333128431127174,1.0,0.002343361033126712,8,16000,6,6,12,67
0.16666666666666666,176,0.0005198959792694002,0.0,0.00036119433934800327,8,16000,6,6,12,81
0.1111111111111111,177,0.0013732360475507328,1.0,0.0017796506872400641,9,16000,9,9,16,88
0.1111111111111111,178,0.011035061652276251,1.0,0.0006245715776458383,4,16000,9,9,17,60
0.14285714285714285,179,0.0006142962416616196,1.0,0.17717106640338898,21,16000,7,7,10,67
0.1111111111111111,180,0.0020495561400909715,0.0,0.00022845060448162258,4,16000,9,9,17,74
0.16666666666666666,181,0.00016186466089694633,0.0,0.0040242914110422134,6,16000,6,6,15,64
0.1111111111111111,182,0.0027002771905573703,0.9553659974519174,0.00042440922698006034,15,16000,9,8,15,61
0.14285714285714285,183,0.0003003747588470701,1.0,0.009867182932794094,1,16000,7,7,17,66
0.14285714285714285,184,0.00011680438769059145,0.0,0.001966925337910652,10,16000,7,7,14,65
0.125,185,0.10105960981546648,1.0,0.04113830626010895,25,16000,8,8,10,84
0.07692307692307693,186,0.13415885475038,1.0,0.015198929235339165,18,16000,13,13,14,72
0.16666666666666666,187,0.002477222004840592,1.0,0.00236602034419775,17,16000,6,6,10,64
0.16666666666666666,188,0.002349533538367317,1.0,0.0007025990635156631,13,16000,6,6,11,89
0.1111111111111111,189,0.004365178100250428,0.0,0.0001215510128531605,4,16000,9,9,17,85
0.14285714285714285,190,0.0005609127564834789,0.961681075260142,0.0034266095608472824,1,16000,7,4,17,70
0.1111111111111111,191,0.006336591818657736,0.0,0.00011619078577496111,15,16000,9,9,15,85
0.1,192,0.02477470916287248,1.0,0.0006157856550998986,27,16000,10,10,11,89
0.1,193,0.005039299541886068,1.0,0.0002215470449300483,14,16000,10,10,12,65
0.2,194,0.0006011087159513066,0.0,0.0006328125018626451,12,16000,5,5,12,69
0.1111111111111111,195,0.035508051073230615,0.9933577319471438,0.0013181337853893638,16,16000,9,8,12,60
0.1111111111111111,196,0.04956668122594683,1.0,0.027996497228741646,9,16000,9,9,16,63
0.125,197,0.057866225915990735,0.9968350023790539,0.0031874990090727806,25,16000,8,7,10,61
0.07692307692307693,198,0.022584049879736803,1.0,0.0008946055895648897,18,16000,13,13,14,76
0.1,199,0.00406054450657154,0.0,4.2264844523742795e-05,11,16000,10,10,17,81
0.1111111111111111,200,0.3471549130634173,1.0,0.00738705275580287,24,16000,9,9,10,63
0.16666666666666666,201,0.005933423271176409,1.0,0.0006595602608285844,13,16000,6,6,11,65
0.2,202,0.0008265722172776372,0.0,0.0002159344730898738,5,16000,5,5,13,84
0.08333333333333333,203,0.0012722255822566367,1.0,0.4329681694507599,22,16000,12,12,13,63
0.1111111111111111,204,0.0028611612941265565,0.0,0.00021771123283542693,9,16000,9,9,16,79
0.14285714285714285,205,1.0,1.0,9.635426067688968e-06,29,16000,7,7,7,85
0.16666666666666666,206,0.02902801509213177,1.0,0.006948141381144524,13,16000,6,6,11,67
0.1111111111111111,207,0.0019700238771796666,1.0,0.0005992434453219175,9,16000,9,9,16,82
0.16666666666666666,208,0.0025645954158366804,1.0,0.001111983205191791,8,16000,6,6,12,77
0.1,209,1.0,1.0,2.9026268748566508e-05,28,16000,10,10,10,72
0.14285714285714285,210,0.001767593584301679,0.0,0.00016654844512231648,21,16000,7,7,10,78
0.07692307692307693,211,0.06200782472315039,1.0,0.0005799696664325893,18,16000,13,13,14,74
0.1111111111111111,212,0.007719554026893661,0.0,8.03303555585444e-05,15,16000,9,9,15,77
0.1111111111111111,213,0.022834189945206165,0.0,8.436014468315989e-06,16,16000,9,9,12,87
0.125,214,0.008179076245897896,1.0,0.001224252744577825,25,16000,8,8,10,80
0.16666666666666666,215,0.0057144221693489925,1.0,0.020856844261288643,17,16000,6,6,10,67
0.14285714285714285,216,0.0012446200267468015,0.0,0.00012636925384867936,21,16000,7,7,10,80
0.1,217,0.05631116732962151,1.0,0.024537736549973488,27,16000,10,10,11,71
0.14285714285714285,218,0.00016346740184364512,0.0,0.001361905480735004,10,16000,7,7,14,74
0.14285714285714285,219,0.00013553431798461738,1.0,0.009261479601264,10,16000,7,7,14,84
0.1,220,0.0015301662221265178,0.0,0.0001716651750029996,3,16000,10,10,18,88
0.1,221,0.00460854676757006,1.0,0.00022479381004814059,14,16000,10,10,12,82
0.1,222,0.0038457763082819256,1.0,0.0004916152684018016,0,16000,10,10,23,89
0.07692307692307693,223,0.0056466815107958125,1.0,0.00018437755352351815,2,16000,13,13,21,75
0.16666666666666666,224,0.00428443456391749,0.0,0.0002281977649545297,8,16000,6,6,12,80
0.16666666666666666,225,0.0003052031542494169,0.0,0.0009732875623740256,8,16000,6,6,12,65
0.16666666666666666,226,0.00043893366230895233,1.0,0.018615953624248505,6,16000,6,6,15,63
0.1,227,0.0008267203784372242,0.9964517827967403,0.0013287567999213934,3,16000,10,9,18,62
0.14285714285714285,228,0.00010922850707006975,0.0,0.0015554825076833367,10,16000,7,7,14,88
0.14285714285714285,229,0.0007066043632470856,0.0,0.000860216619912535,21,16000,7,7,10,88
0.1,230,0.004711238663213585,0.0,3.5736265999730676e-05,11,16000,10,10,17,88
0.1111111111111111,231,0.06322170177763561,1.0,0.020380131900310516,9,16000,9,9,16,72
0.1,232,0.06015213699381478,1.0,0.06555675715208054,27,16000,10,10,11,68
0.16666666666666666,233,0.0001745679083694979,0.0,0.0035518379881978035,6,16000,6,6,15,75
0.25,234,0.09904684760219304,1.0,0.008013223297894001,23,16000,4,4,8,71
0.1111111111111111,235,0.02575154544989058,0.9984769126511678,0.00017875990306492895,20,16000,9,7,11,62
0.1111111111111111,236,0.0020870293972836884,0.0,5.607282218988985e-05,20,16000,9,9,11,78
0.1,237,0.027523061393387355,0.9954512079925091,0.01025402545928955,14,16000,10,9,12,63
0.2,238,0.0006617156941408412,0.0,0.0008410237496718764,5,16000,5,4,13,61
0.125,239,0.049339350785330686,1.0,0.0012663914822041988,25,16000,8,8,10,71
0.1,240,0.008341198308255277,1.0,0.001101164729334414,19,16000,10,10,12,80
0.14285714285714285,241,0.00027033239868023436,0.0,0.0009491915116086602,1,16000,7,7,17,76
0.1111111111111111,242,0.006820740349468838,0.9831453019669706,0.0004592369368765503,4,16000,9,8,17,62
0.1,243,0.09780373388491995,1.0,0.07237522304058075,27,16000,10,10,11,73
0.1,244,0.009251161449726477,1.0,0.03486296162009239,27,16000,10,10,11,65
0.1111111111111111,245,0.0027430059680643324,0.0,0.00016196054639294744,15,16000,9,9,15,82
0.1,246,1.0,1.0,1.3564858818426728e-06,28,16000,10,10,10,76
0.1,247,0.015805159918512716,0.0,3.1992422009352595e-05,11,16000,10,10,17,86
0.14285714285714285,248,0.00022300438823077615,1.0,0.013086716644465923,21,16000,7,7,10,65
0.1111111111111111,249,0.14631979120036667,1.0,0.0016766065964475274,24,16000,9,9,10,65
0.1,250,0.0011564655411879475,0.0,0.0007302669691853225,3,16000,10,10,18,72
0.1,251,0.03751753906781541,1.0,0.015118866227567196,27,16000,10,10,11,61
0.16666666666666666,252,0.0006727974472850129,1.0,0.004741294775158167,8,16000,6,6,12,64
0.1,253,0.007809709406906411,0.0,5.566008258028887e-05,3,16000,10,10,18,87
0.14285714285714285,254,0.00011143552910437123,0.0,0.0009666557889431715,10,16000,7,7,14,82
0.1111111111111111,255,0.00093275604204642,0.0,0.0004638881073333323,4,16000,9,9,17,89
0.16666666666666666,256,0.003565097655537435,0.0,9.373317880090326e-05,13,16000,6,6,11,77
0.14285714285714285,257,0.0011877703205541797,1.0,0.03164636716246605,26,16000,7,7,8,78
0.14285714285714285,258,0.0013291557215974476,1.0,0.3813874423503876,26,16000,7,7,8,68
0.14285714285714285,259,0.0017083371963647154,1.0,0.022873029112815857,26,16000,7,7,8,85
0.125,260,0.0005961320677962543,0.0,0.00014034842024557292,7,16000,8,8,15,82
0.1111111111111111,261,0.0025552210747723948,0.0,0.0001950077130459249,20,16000,9,9,11,74
0.1,262,0.003251888544344199,1.0,0.0008982630097307265,0,16000,10,10,23,71
0.1111111111111111,263,0.002251802358716882,1.0,0.00046574370935559273,15,16000,9,9,15,74
0.1,264,0.006698292951423835,0.0,0.00010524429671932012,19,16000,10,10,12,89
0.1,265,0.0020190197312547334,1.0,0.0007702942239120603,0,16000,10,10,23,81
0.08333333333333333,266,0.00044593163007880873,1.0,0.004432865418493748,22,16000,12,12,13,77
0.14285714285714285,267,0.0005373469147462804,0.8708062839291438,0.007329396437853575,21,16000,7,4,10,70
0.1111111111111111,268,0.00018122335625069525,0.0,0.0007466953829862177,9,16000,9,9,16,85
0.14285714285714285,269,1.0,1.0,0.00022160704247653484,29,16000,7,7,7,83
0.16666666666666666,270,0.0004579695379220354,1.0,0.006790857762098312,6,16000,6,6,15,60
0.14285714285714285,271,0.000863933333812993,0.0,0.0004077933554071933,21,16000,7,7,10,82
0.2,272,0.0005708664174418764,0.0,0.0011928717140108347,5,16000,5,3,13,62
0.14285714285714285,273,0.001987761591190178,1.0,0.33460599184036255,26,16000,7,7,8,63
0.16666666666666666,274,0.024415137947340224,1.0,0.005329536274075508,13,16000,6,6,11,60
0.16666666666666666,275,9.663401687810934e-05,0.0,0.0012925397604703903,6,16000,6,6,15,65
0.1,276,0.005286797409997,0.0,2.3353479264187627e-05,11,16000,10,10,17,83
0.1111111111111111,277,0.0019003095183046832,1.0,0.0005971738719381392,4,16000,9,9,17,88
0.1111111111111111,278,0.0029671174818614067,1.0,0.0018374541541561484,9,16000,9,9,16,65
0.16666666666666666,279,0.024548918680638097,1.0,0.003648117184638977,13,16000,6,6,11,68
0.125,280,0.000472860357002063,0.0,0.0004738133284263313,7,16000,8,8,15,71
0.1111111111111111,281,0.032311522952958964,1.0,3.5876069887308404e-05,16,16000,9,9,12,89
0.14285714285714285,282,0.00023682724809197814,1.0,0.060319285839796066,10,16000,7,7,14,63
0.125,283,0.0026325657790297425,0.0,7.551053568022326e-05,7,16000,8,8,15,89
0.14285714285714285,284,1.0,1.0,0.0002776246110443026,29,16000,7,7,7,74
0.16666666666666666,285,0.000546465781759936,1.0,0.021458495408296585,6,16000,6,6,15,73
0.14285714285714285,286,0.0017486587193131435,1.0,0.25680914521217346,26,16000,7,7,8,84
0.125,287,0.018637078048103523,1.0,0.005546539556235075,25,16000,8,8,10,82
0.08333333333333333,288,0.0018563622394357192,1.0,0.45121079683303833,22,16000,12,12,13,67
0.1111111111111111,289,0.0038741804860190836,1.0,0.0030869687907397747,15,16000,9,9,15,72
0.1111111111111111,290,0.011129653335201856,1.0,0.00015103384794201702,15,16000,9,9,15,86
0.14285714285714285,291,0.0010573483842740079,0.0,0.00010127882706001401,1,16000,7,7,17,87
0.1111111111111111,292,0.0005395740302388758,0.0,0.0005686117219738662,9,16000,9,9,16,81
0.2,293,0.0006752690363093218,0.0,7.0898728154134e-05,5,16000,5,5,13,89
0.2,294,0.01057626496591243,0.0,4.3982767238048837e-05,12,16000,5,5,12,86
0.1111111111111111,295,0.0029309398511920314,0.0,7.756474224152043e-05,4,16000,9,9,17,79
0.08333333333333333,296,0.000689086877336573,1.0,0.0042022052221000195,22,16000,12,12,13,78
0.16666666666666666,297,0.00017777153516961792,0.0,0.0007631209446117282,17,16000,6,6,10,80
0.1111111111111111,298,0.014664176020173537,0.9896816634579124,0.00024998647859320045,16,16000,9,7,12,62
0.14285714285714285,299,0.001776477451650645,1.0,0.10810381919145584,26,16000,7,7,8,77
0.1,300,0.006900700259577443,1.0,0.00021912177908234298,19,16000,10,10,12,86
0.14285714285714285,301,0.0015160595783959003,0.0,0.0006518069421872497,21,16000,7,7,10,83
0.14285714285714285,302,0.0022115745621362265,0.0,0.00015988324594218284,21,16000,7,7,10,89
0.07692307692307693,303,0.0056541122154295685,0.0,4.844041905016638e-05,2,16000,13,13,21,80
0.14285714285714285,304,0.0003546534479427718,0.0,0.0002172893291572109,1,16000,7,7,17,71
0.1111111111111111,305,0.03546906574092143,1.0,0.00054496357915923,20,16000,9,9,11,68
0.1,306,0.0008244097247607385,0.0,0.00015923469618428499,3,16000,10,10,18,71
0.1111111111111111,307,0.004087600340410362,0.0,0.0001793584378901869,15,16000,9,9,15,75
0.1,308,0.021954794742549907,1.0,6.074468547012657e-05,14,16000,10,10,12,74
0.14285714285714285,309,1.0,1.0,0.00019828671065624803,29,16000,7,7,7,77
0.14285714285714285,310,0.00144606964833054,1.0,0.318509578704834,26,16000,7,7,8,69
0.2,311,0.0010792214325610673,0.0,1.6637313819956034e-05,12,16000,5,5,12,81
0.16666666666666666,312,0.00022621295779630968,0.0,0.0006249776924960315,6,16000,6,6,15,82
0.1111111111111111,313,0.005700636682946153,1.0,0.0004866702656727284,4,16000,9,9,17,69
0.14285714285714285,314,0.0004258459869479174,0.0,0.0009549371898174286,1,16000,7,7,17,84
0.16666666666666666,315,0.004092524211362167,1.0,0.00032578138052485883,13,16000,6,6,11,82
0.16666666666666666,316,0.004256791316749125,1.0,0.0003707696741912514,8,16000,6,6,12,74
0.14285714285714285,317,0.0012278352573187438,0.0,0.0002799099893309176,21,16000,7,7,10,74
0.1,318,0.0009161890815395082,0.0,0.0006781929405406117,3,16000,10,10,18,67
0.07692307692307693,319,0.05194930284327142,1.0,0.00016398847219534218,18,16000,13,13,14,86
0.07692307692307693,320,0.020788439666740686,1.0,0.00030406867153942585,18,16000,13,13,14,82
0.1111111111111111,321,0.002119596859082499,0.0,0.00021396765077952296,15,16000,9,9,15,80
0.1,322,0.02086395116178539,1.0,0.007790405303239822,14,16000,10,10,12,72
0.1,323,0.0,0.0,6.176130682433723e-07,28,16000,10,10,10,86
0.07692307692307693,324,0.07735618237245012,0.9997105721995255,0.010833489708602428,18,16000,13,12,14,66
0.1,325,0.022877892100357625,0.0,9.115426109929103e-06,11,16000,10,10,17,78
0.07692307692307693,326,0.1884879607301632,1.0,8.789734238234814e-06,2,16000,13,13,21,87
0.1,327,0.0009243799831312049,1.0,0.00234817573800683,11,16000,10,10,17,76
0.1,328,0.01903392336759836,0.9971845547496971,0.0009727826109156013,19,16000,10,9,12,61
0.1,329,0.005780751437015666,1.0,0.000211797931115143,14,16000,10,10,12,89
0.1,330,1.0,1.0,8.98054349818267e-06,28,16000,10,10,10,69
0.125,331,0.001132315116260024,0.0,7.385086064459756e-05,7,16000,8,8,15,86
0.1111111111111111,332,0.07681018592880019,1.0,0.0029745111241936684,20,16000,9,9,11,72
0.125,333,0.015490116247770823,1.0,0.003792989067733288,25,16000,8,8,10,87
0.1,334,0.03444964449024865,1.0,0.01805904135107994,27,16000,10,10,11,75
0.25,335,0.11056389911045847,1.0,0.01259441114962101,23,16000,4,4,8,84
0.07692307692307693,336,0.11458132293819473,1.0,8.014948980417103e-05,18,16000,13,13,14,75
0.14285714285714285,337,1.0,1.0,7.325795741053298e-05,29,16000,7,7,7,79
0.07692307692307693,338,0.0053482479206271106,1.0,0.0010935983154922724,18,16000,13,13,14,83
0.1111111111111111,339,0.0018429566266665216,0.0,0.00022194439952727407,15,16000,9,9,15,71
0.14285714285714285,340,1.0,1.0,1.012815391732147e-05,29,16000,7,7,7,87
0.125,341,0.08350393990933164,1.0,0.00686830747872591,25,16000,8,8,10,88
0.125,342,0.04798209948068661,1.0,0.0018756663193926215,25,16000,8,8,10,85
0.1111111111111111,343,0.06236603210674591,0.9997820697098116,0.003782666753977537,20,16000,9,8,11,60
0.1,344,0.03595760542700373,0.9997493409313702,0.04795798286795616,27,16000,10,8,11,70
0.1,345,0.00642593261683173,1.0,0.0003275409108027816,0,16000,10,10,23,86
0.14285714285714285,346,1.0,1.0,0.0002723715442698449,29,16000,7,7,7,88
0.1,347,1.0,1.0,2.0502852748904843e-06,28,16000,10,10,10,77
0.125,348,0.0027200675057686176,0.0,4.1804214561125264e-05,7,16000,8,8,15,87
0.1111111111111111,349,0.5608481735033762,1.0,2.6685764169087633e-05,24,16000,9,9,10,89
0.1111111111111111,350,0.017160733155049315,1.0,0.0036226280499249697,9,16000,9,9,16,62
0.14285714285714285,351,0.0004907480540385918,0.0,0.0003676623455248773,1,16000,7,7,17,82
0.1,352,0.006742682946003739,1.0,0.0003354987711645663,19,16000,10,10,12,77
0.14285714285714285,353,7.24248769345045e-05,0.0,0.0008029298624023795,10,16000,7,7,14,81
0.1111111111111111,354,0.005688584262165862,0.0,8.944487490225583e-05,20,16000,9,9,11,81
0.1,355,0.0,0.0,5.772191116193426e-07,28,16000,10,10,10,81
0.16666666666666666,356,0.007769185248872211,1.0,0.02804069221019745,17,16000,6,6,10,63
0.1,357,0.010411435335352577,1.0,0.007394182030111551,0,16000,10,10,23,64
0.14285714285714285,358,0.001055414954979537,1.0,0.09499558061361313,26,16000,7,7,8,88
0.1,359,0.0057258176283217655,1.0,0.0008043961715884507,19,16000,10,10,12,83
0.1,360,0.09076316892002047,1.0,0.005458416882902384,19,16000,10,10,12,66
0.1,361,0.004974411613068565,1.0,0.0007145460695028305,19,16000,10,10,12,76
0.14285714285714285,362,0.0002805133662074766,1.0,0.0885872095823288,10,16000,7,7,14,73
0.1,363,0.011128964740510467,1.0,0.00121100596152246,14,16000,10,10,12,64
0.1111111111111111,364,0.004359679417264506,1.0,0.0007685869932174683,9,16000,9,9,16,74
0.08333333333333333,365,0.0004513296850181691,1.0,0.14712859690189362,22,16000,12,12,13,60
0.2,366,0.0009929356571716488,1.0,0.00626305490732193,5,16000,5,5,13,68
0.25,367,0.006159374171832511,1.0,0.0010103452950716019,23,16000,4,4,8,86
0.16666666666666666,368,0.0005101611425424459,1.0,0.004060967825353146,6,16000,6,6,15,72
0.2,369,0.0009678808373617272,0.0,9.470342774875462e-05,12,16000,5,5,12,83
0.2,370,0.0006746249472736069,1.0,0.0018212527502328157,12,16000,5,5,12,60
0.07692307692307693,371,0.005481726380845509,0.0,5.3622061386704445e-05,2,16000,13,13,21,71
0.07692307692307693,372,0.032476164885714226,1.0,0.00040511947008781135,18,16000,13,13,14,71
0.125,373,0.022938523232494627,1.0,0.004517151042819023,25,16000,8,8,10,77
0.1,374,0.0362020184618743,0.9998993663507796,0.03658808022737503,27,16000,10,8,11,62
0.07692307692307693,375,0.0015386319015778603,1.0,0.04698082432150841,2,16000,13,13,21,73
0.25,376,0.020718439834934925,1.0,0.004622278269380331,23,16000,4,4,8,76
0.1111111111111111,377,0.004112785051507559,1.0,0.0007062095683068037,15,16000,9,9,15,76
0.14285714285714285,378,0.0007014906448891767,1.0,0.10005108267068863,26,16000,7,7,8,76
0.07692307692307693,379,0.050025032331753067,1.0,0.00984345655888319,18,16000,13,13,14,64
0.1111111111111111,380,0.004642148818143058,0.8148384266985207,0.006394654046744108,15,16000,9,8,15,63
0.1,381,0.006202288358525658,0.0,3.940563328796998e-05,11,16000,10,10,17,71
0.1111111111111111,382,0.01923093378571687,0.9946056992608888,0.00044045914546586573,16,16000,9,8,12,69
0.08333333333333333,383,0.0009592184696017792,1.0,0.0010579267982393503,22,16000,12,12,13,81
0.14285714285714285,384,1.0,1.0,0.004519656300544739,29,16000,7,7,7,67
0.1,385,0.021441145380337343,0.9954629168490603,0.009051392786204815,14,16000,10,9,12,60
0.1111111111111111,386,0.051480377272540026,1.0,0.00010314868995919824,16,16000,9,9,12,64
0.1111111111111111,387,0.06257678698259679,1.0,0.03095080330967903,9,16000,9,9,16,73
0.07692307692307693,388,0.002838985372725038,0.9887825546812194,0.0010412755655124784,2,16000,13,12,21,70
0.1,389,0.008096524596493435,0.0,3.244127219659276e-05,11,16000,10,10,17,77
0.1,390,0.0006541181711505616,0.9932861406873721,0.0016568974824622273,3,16000,10,8,18,70
0.1111111111111111,391,0.016063791312299555,1.0,0.0003400039568077773,20,16000,9,9,11,84
0.125,392,0.18848301302779083,1.0,0.04407854378223419,25,16000,8,8,10,67
0.1,393,0.01682368949925905,1.0,0.00038399267941713333,19,16000,10,10,12,75
0.25,394,0.03192525445714801,1.0,0.0035433275625109673,23,16000,4,4,8,75
0.14285714285714285,395,0.0001634334508524614,1.0,0.03632185980677605,10,16000,7,7,14,72
0.14285714285714285,396,0.0007286028269801768,1.0,0.053724050521850586,26,16000,7,7,8,89
0.1111111111111111,397,0.0023310085564726786,1.0,0.0012032201047986746,15,16000,9,9,15,64
0.25,398,0.03228208209499932,1.0,0.0022941483184695244,23,16000,4,4,8,77
0.125,399,0.021923230677125472,1.0,0.0041387141682207584,25,16000,8,8,10,81
0.1111111111111111,400,0.002833959083581437,1.0,0.0010791687527671456,15,16000,9,9,15,67
0.1111111111111111,401,0.2598619740961952,0.999688133412126,0.005233084317296743,20,16000,9,8,11,63
0.2,402,0.0004604659451513208,0.0,0.0010779633885249496,5,16000,5,4,13,70
0.1,403,0.0004618674389922021,0.0,0.00047317793359979987,3,16000,10,10,18,75
0.1,404,0.002518709700040602,0.0,0.00032664884929545224,11,16000,10,10,17,69
0.14285714285714285,405,0.0010452470821081404,1.0,0.2727395296096802,26,16000,7,7,8,66
0.2,406,0.0004808715750638729,1.0,0.004265269264578819,5,16000,5,5,13,65
0.14285714285714285,407,0.0030619839252691663,0.0,0.00023427640553563833,21,16000,7,7,10,85
0.16666666666666666,408,0.0010448557004495097,0.9252103031286906,0.003375323722139001,17,16000,6,4,10,70
0.25,409,0.3535391653397501,1.0,0.04281873255968094,23,16000,4,4,8,73
0.1111111111111111,410,0.008827650405653474,1.0,0.00011975587403867394,16,16000,9,9,12,76
0.1111111111111111,411,0.0017138118254423514,0.9414857980575407,0.0023529590107500553,15,16000,9,8,15,60
0.1,412,0.0034830866966895696,0.0,0.0001045702665578574,3,16000,10,10,18,77
0.07692307692307693,413,0.0038188597694418123,0.0,0.00010155620111618191,2,16000,13,13,21,82
0.1111111111111111,414,0.009391885436394647,1.0,0.00019842199981212616,4,16000,9,9,17,64
0.125,415,0.011740370497148614,1.0,0.007110049016773701,25,16000,8,8,10,74
0.1,416,0.00329394619250291,1.0,0.0004178300441708416,0,16000,10,10,23,85
0.16666666666666666,417,0.0014764992373068342,0.0,0.0002655910502653569,13,16000,6,6,11,80
0.1111111111111111,418,0.006495630865867758,1.0,0.002325580455362797,9,16000,9,9,16,61
0.1,419,0.01181603088196516,1.0,0.0038930003065615892,27,16000,10,10,11,81
0.07692307692307693,420,0.001841429339361873,1.0,0.0033927098847925663,2,16000,13,13,21,72
0.1,421,0.0106193514209969,0.9975028411990491,0.0001867042446974665,11,16000,10,8,17,70
0.1111111111111111,422,0.2770090418481435,1.0,5.9478854382177815e-05,24,16000,9,9,10,81
0.08333333333333333,423,0.0009581055583511951,1.0,0.0015836009988561273,22,16000,12,12,13,79
0.25,424,0.02072834760667159,1.0,0.003875932889059186,23,16000,4,4,8,78
0.125,425,0.06899267685468774,1.0,0.0011666418286040425,25,16000,8,8,10,79
0.08333333333333333,426,0.011098813033913574,0.0,5.454955680761486e-05,22,16000,12,12,13,85
0.2,427,0.0002932694152867109,0.0,9.567202505422756e-05,5,16000,5,5,13,79
0.14285714285714285,428,0.0004031768734620914,0.0,0.00022110668942332268,1,16000,7,7,17,74
0.16666666666666666,429,0.0010296131384660784,1.0,0.007082092575728893,8,16000,6,6,12,66
0.1111111111111111,430,0.0035489150358556506,0.0,0.00021038104023318738,4,16000,9,7,17,61
0.16666666666666666,431,0.012008043514572601,1.0,0.001727056922391057,13,16000,6,6,11,62
0.2,432,0.00035792461840255385,0.0,5.088848774903454e-05,5,16000,5,5,13,80
0.14285714285714285,433,1.0,1.0,0.000194080377696082,29,16000,7,7,7,82
0.1,434,0.0023631145063632234,1.0,0.0027761782985180616,3,16000,10,10,18,60
0.25,435,0.17625975376384617,1.0,0.031398285180330276,23,16000,4,4,8,60
0.1111111111111111,436,0.0019919745835532744,1.0,0.0005611712695099413,15,16000,9,9,15,89
0.1,437,1.0,1.0,3.22807754855603e-05,28,16000,10,10,10,73
0.08333333333333333,438,0.0038883241442799156,1.0,0.00034237606450915337,22,16000,12,12,13,86
0.1,439,0.007332701700833827,1.0,0.0002614792319945991,14,16000,10,10,12,86
0.1,440,0.010905020278823688,0.9916745390032098,0.0016362812602892518,14,16000,10,9,12,61
0.14285714285714285,441,0.00011242159581348767,1.0,0.03678080439567566,10,16000,7,7,14,69
0.1,442,0.00944307126535129,0.9964089199145681,0.0010770451044663787,14,16000,10,9,12,66
0.14285714285714285,443,0.0013218159258839616,0.9984019755573262,0.28157341480255127,26,16000,7,6,8,70
0.1,444,0.0,0.0,3.962688595038344e-07,28,16000,10,10,10,88
0.1111111111111111,445,0.07073209713184385,0.9937476226966502,0.0010176612995564938,16,16000,9,8,12,63
0.1,446,0.006014602497304748,0.0,2.816132291627582e-05,11,16000,10,10,17,82
0.1111111111111111,447,0.008641728119126134,0.9992158954535982,0.002577610546723008,9,16000,9,8,16,70
0.1,448,0.011584975699566787,1.0,0.0018312570173293352,14,16000,10,10,12,84
0.125,449,0.014860986185345919,1.0,0.008328382857143879,25,16000,8,8,10,76
